ProductID,Type,ProductBrand,Color,Size,LookBook,Gender,Fabric,ImageLink,Season,DiscountedPrice,Discount,ProductLink
1,Nike Men's Relaxed Fit T-Shirt,Nike,Gold,S,Casual,men,Cotton,https://m.media-amazon.com/images/I/51UAabRZV2L._SX679_.jpg,,"2,489",47%,https://www.amazon.in/Nike-Relaxed-T-Shirt-DJ7675-715_Club-Obsidian/dp/B0B77LTF2R/ref=sr_1_3?crid=1KNPJPAKVVIUY&dib=eyJ2IjoiMSJ9.ZEDakA2vgGu3w2_raeJtrmD5-9H3A9_zSkTB1HpJxYoC7487Y0k5JGfSx9UhPKhDsNQ-T16gaDPEqcZ9H4ePBTuij__5eHB2gn5NgpeuWP_yQ1RBN9Pn-MTTsT6Q-R226kf7gxlOVr4fEflQKwnCC05STthzWasAh4_AxCPYCDK_G3uDus28DEpf-VADAwcgIDMgkE9SdfuziB8IP6MCguIEVRy87GyYCzOUAomO0IvG1ztGFObudAx8YGCf0ZR2l_ftoVsKbQYgqDP4GnbSjElvUzNFsnS1J8jRRWQzDFg.Lh6nHA_V9Qcoq18ikVGkHJBwj5II2DfJ8EKeHzEypm4&dib_tag=se&keywords=nike%2Bt%2Bshirts%2Bfor%2Bmen&qid=1713613143&s=apparel&sprefix=nike%2Bt%2Bshirts%2Bfor%2Bmen%2Capparel%2C1143&sr=1-3&th=1&psc=1
1,Nike Men's Relaxed Fit T-Shirt,Nike,Gold,M,Casual,men,Cotton,https://m.media-amazon.com/images/I/51UAabRZV2L._SX679_.jpg,,"2,489",47%,https://www.amazon.in/Nike-Relaxed-T-Shirt-DJ7675-715_Club-Obsidian/dp/B0B77FMVFT/ref=sr_1_3?crid=1KNPJPAKVVIUY&dib=eyJ2IjoiMSJ9.ZEDakA2vgGu3w2_raeJtrmD5-9H3A9_zSkTB1HpJxYoC7487Y0k5JGfSx9UhPKhDsNQ-T16gaDPEqcZ9H4ePBTuij__5eHB2gn5NgpeuWP_yQ1RBN9Pn-MTTsT6Q-R226kf7gxlOVr4fEflQKwnCC05STthzWasAh4_AxCPYCDK_G3uDus28DEpf-VADAwcgIDMgkE9SdfuziB8IP6MCguIEVRy87GyYCzOUAomO0IvG1ztGFObudAx8YGCf0ZR2l_ftoVsKbQYgqDP4GnbSjElvUzNFsnS1J8jRRWQzDFg.Lh6nHA_V9Qcoq18ikVGkHJBwj5II2DfJ8EKeHzEypm4&dib_tag=se&keywords=nike%2Bt%2Bshirts%2Bfor%2Bmen&qid=1713613143&s=apparel&sprefix=nike%2Bt%2Bshirts%2Bfor%2Bmen%2Capparel%2C1143&sr=1-3&th=1&psc=1
1,Nike Men's Relaxed Fit T-Shirt,Nike,Gold,L,Casual,men,Cotton,https://m.media-amazon.com/images/I/51UAabRZV2L._SX679_.jpg,,"2,489",47%,https://www.amazon.in/Nike-Relaxed-T-Shirt-DJ7675-715_Club-Obsidian/dp/B0B77G46LK/ref=sr_1_3?crid=1KNPJPAKVVIUY&dib=eyJ2IjoiMSJ9.ZEDakA2vgGu3w2_raeJtrmD5-9H3A9_zSkTB1HpJxYoC7487Y0k5JGfSx9UhPKhDsNQ-T16gaDPEqcZ9H4ePBTuij__5eHB2gn5NgpeuWP_yQ1RBN9Pn-MTTsT6Q-R226kf7gxlOVr4fEflQKwnCC05STthzWasAh4_AxCPYCDK_G3uDus28DEpf-VADAwcgIDMgkE9SdfuziB8IP6MCguIEVRy87GyYCzOUAomO0IvG1ztGFObudAx8YGCf0ZR2l_ftoVsKbQYgqDP4GnbSjElvUzNFsnS1J8jRRWQzDFg.Lh6nHA_V9Qcoq18ikVGkHJBwj5II2DfJ8EKeHzEypm4&dib_tag=se&keywords=nike%2Bt%2Bshirts%2Bfor%2Bmen&qid=1713613143&s=apparel&sprefix=nike%2Bt%2Bshirts%2Bfor%2Bmen%2Capparel%2C1143&sr=1-3&th=1&psc=1
1,Nike Men's Relaxed Fit T-Shirt,Nike,Gold,XL,Casual,men,Cotton,https://m.media-amazon.com/images/I/51UAabRZV2L._SX679_.jpg,,"2,489",47%,https://www.amazon.in/Nike-Relaxed-T-Shirt-DJ7675-715_Club-Obsidian/dp/B0BMVHCCX7/ref=sr_1_3?crid=1KNPJPAKVVIUY&dib=eyJ2IjoiMSJ9.ZEDakA2vgGu3w2_raeJtrmD5-9H3A9_zSkTB1HpJxYoC7487Y0k5JGfSx9UhPKhDsNQ-T16gaDPEqcZ9H4ePBTuij__5eHB2gn5NgpeuWP_yQ1RBN9Pn-MTTsT6Q-R226kf7gxlOVr4fEflQKwnCC05STthzWasAh4_AxCPYCDK_G3uDus28DEpf-VADAwcgIDMgkE9SdfuziB8IP6MCguIEVRy87GyYCzOUAomO0IvG1ztGFObudAx8YGCf0ZR2l_ftoVsKbQYgqDP4GnbSjElvUzNFsnS1J8jRRWQzDFg.Lh6nHA_V9Qcoq18ikVGkHJBwj5II2DfJ8EKeHzEypm4&dib_tag=se&keywords=nike%2Bt%2Bshirts%2Bfor%2Bmen&qid=1713613143&s=apparel&sprefix=nike%2Bt%2Bshirts%2Bfor%2Bmen%2Capparel%2C1143&sr=1-3&th=1&psc=1
2,Puma Men's Regular Fit T-Shirt,Puma,Black/White,S,Sports,men,Cotton,https://m.media-amazon.com/images/I/513rGsnZboL._SX679_.jpg,,"1,439",20%,https://www.amazon.in/Puma-Printed-Regular-T-Shirt-658705_Black-White/dp/B0C74JS7SJ/ref=sr_1_27?dib=eyJ2IjoiMSJ9.hQzGDAjde8XJ5c-bdrSDYYMx9R60zBFUoOWHRswT0CQy-S7g2-vfJ14jzVGtEIojS-8zkIUhxHghQAdJiIyL-Qeo86fe7pkyB-isf8OL_nozcUlkpS6L3HO1sO9pRHqsoY9LZvWWBWyyZQlX2EzWq_QIMKdgxaCe6KgVEpEOJXqNPWBR0xz2QP7ckKr47gioPf9xQEB83vNh93NvqhqTKZ6AvuM8uVQYeyheDSIuhZuxc9iBS8QSbTK-PenTOxK39zUPp3Nx-5SynP_XdxRtGObilfWJsyFwed0MYwlnvjg.xQqv_35FD5p3buD6B_1Hy94FJXdwEjEQHdPFypYL3gI&dib_tag=se&keywords=puma&qid=1713617052&s=apparel&sr=1-27&th=1&psc=1
2,Puma Men's Regular Fit T-Shirt,Puma,Black/White,M,Sports,men,Cotton,https://m.media-amazon.com/images/I/513rGsnZboL._SX679_.jpg,,"1,439",20%,https://www.amazon.in/Puma-Printed-Regular-T-Shirt-658705_Black-White/dp/B0C74D2YHG/ref=sr_1_27?dib=eyJ2IjoiMSJ9.hQzGDAjde8XJ5c-bdrSDYYMx9R60zBFUoOWHRswT0CQy-S7g2-vfJ14jzVGtEIojS-8zkIUhxHghQAdJiIyL-Qeo86fe7pkyB-isf8OL_nozcUlkpS6L3HO1sO9pRHqsoY9LZvWWBWyyZQlX2EzWq_QIMKdgxaCe6KgVEpEOJXqNPWBR0xz2QP7ckKr47gioPf9xQEB83vNh93NvqhqTKZ6AvuM8uVQYeyheDSIuhZuxc9iBS8QSbTK-PenTOxK39zUPp3Nx-5SynP_XdxRtGObilfWJsyFwed0MYwlnvjg.xQqv_35FD5p3buD6B_1Hy94FJXdwEjEQHdPFypYL3gI&dib_tag=se&keywords=puma&qid=1713617052&s=apparel&sr=1-27&th=1&psc=1
2,Puma Men's Regular Fit T-Shirt,Puma,Black/White,L,Sports,men,Cotton,https://m.media-amazon.com/images/I/513rGsnZboL._SX679_.jpg,,"1,439",20%,https://www.amazon.in/Puma-Printed-Regular-T-Shirt-658705_Black-White/dp/B0C74FR685/ref=sr_1_27?dib=eyJ2IjoiMSJ9.hQzGDAjde8XJ5c-bdrSDYYMx9R60zBFUoOWHRswT0CQy-S7g2-vfJ14jzVGtEIojS-8zkIUhxHghQAdJiIyL-Qeo86fe7pkyB-isf8OL_nozcUlkpS6L3HO1sO9pRHqsoY9LZvWWBWyyZQlX2EzWq_QIMKdgxaCe6KgVEpEOJXqNPWBR0xz2QP7ckKr47gioPf9xQEB83vNh93NvqhqTKZ6AvuM8uVQYeyheDSIuhZuxc9iBS8QSbTK-PenTOxK39zUPp3Nx-5SynP_XdxRtGObilfWJsyFwed0MYwlnvjg.xQqv_35FD5p3buD6B_1Hy94FJXdwEjEQHdPFypYL3gI&dib_tag=se&keywords=puma&qid=1713617052&s=apparel&sr=1-27&th=1&psc=1
2,Puma Men's Regular Fit T-Shirt,Puma,Black/White,XL,Sports,men,Cotton,https://m.media-amazon.com/images/I/513rGsnZboL._SX679_.jpg,,"1,439",20%,https://www.amazon.in/Puma-Printed-Regular-T-Shirt-658705_Black-White/dp/B0C74GDVW7/ref=sr_1_27?dib=eyJ2IjoiMSJ9.hQzGDAjde8XJ5c-bdrSDYYMx9R60zBFUoOWHRswT0CQy-S7g2-vfJ14jzVGtEIojS-8zkIUhxHghQAdJiIyL-Qeo86fe7pkyB-isf8OL_nozcUlkpS6L3HO1sO9pRHqsoY9LZvWWBWyyZQlX2EzWq_QIMKdgxaCe6KgVEpEOJXqNPWBR0xz2QP7ckKr47gioPf9xQEB83vNh93NvqhqTKZ6AvuM8uVQYeyheDSIuhZuxc9iBS8QSbTK-PenTOxK39zUPp3Nx-5SynP_XdxRtGObilfWJsyFwed0MYwlnvjg.xQqv_35FD5p3buD6B_1Hy94FJXdwEjEQHdPFypYL3gI&dib_tag=se&keywords=puma&qid=1713617052&s=apparel&sr=1-27&th=1&psc=1
2,Puma Men's Regular Fit T-Shirt,Puma,Black/White,XS,Sports,men,Cotton,https://m.media-amazon.com/images/I/513rGsnZboL._SX679_.jpg,,"1,439",20%,https://www.amazon.in/Puma-Printed-Regular-T-Shirt-658705_Black-White/dp/B0CTMWPN59/ref=sr_1_27?dib=eyJ2IjoiMSJ9.hQzGDAjde8XJ5c-bdrSDYYMx9R60zBFUoOWHRswT0CQy-S7g2-vfJ14jzVGtEIojS-8zkIUhxHghQAdJiIyL-Qeo86fe7pkyB-isf8OL_nozcUlkpS6L3HO1sO9pRHqsoY9LZvWWBWyyZQlX2EzWq_QIMKdgxaCe6KgVEpEOJXqNPWBR0xz2QP7ckKr47gioPf9xQEB83vNh93NvqhqTKZ6AvuM8uVQYeyheDSIuhZuxc9iBS8QSbTK-PenTOxK39zUPp3Nx-5SynP_XdxRtGObilfWJsyFwed0MYwlnvjg.xQqv_35FD5p3buD6B_1Hy94FJXdwEjEQHdPFypYL3gI&dib_tag=se&keywords=puma&qid=1713617052&s=apparel&sr=1-27&th=1&psc=1
2,Puma Men's Regular Fit T-Shirt,Puma,Black/White,2XL,Sports,men,Cotton,https://m.media-amazon.com/images/I/513rGsnZboL._SX679_.jpg,,"1,439",20%,https://www.amazon.in/Puma-Printed-Regular-T-Shirt-658705_Black-White/dp/B0C74FRJGL/ref=sr_1_27?dib=eyJ2IjoiMSJ9.hQzGDAjde8XJ5c-bdrSDYYMx9R60zBFUoOWHRswT0CQy-S7g2-vfJ14jzVGtEIojS-8zkIUhxHghQAdJiIyL-Qeo86fe7pkyB-isf8OL_nozcUlkpS6L3HO1sO9pRHqsoY9LZvWWBWyyZQlX2EzWq_QIMKdgxaCe6KgVEpEOJXqNPWBR0xz2QP7ckKr47gioPf9xQEB83vNh93NvqhqTKZ6AvuM8uVQYeyheDSIuhZuxc9iBS8QSbTK-PenTOxK39zUPp3Nx-5SynP_XdxRtGObilfWJsyFwed0MYwlnvjg.xQqv_35FD5p3buD6B_1Hy94FJXdwEjEQHdPFypYL3gI&dib_tag=se&keywords=puma&qid=1713617052&s=apparel&sr=1-27&th=1&psc=1
3,Nike Women Shirt,Nike,Black,M,Sports,women,polyester,https://m.media-amazon.com/images/I/41h6g+dkZdL._SX679_.jpg,,809,55%,https://www.amazon.in/Nike-Womens-Slim-Shirt-DQ3312-010_Black/dp/B0BJ2YFBCT/ref=sr_1_3?crid=3QE92DXYPSYJA&dib=eyJ2IjoiMSJ9.PGR_Mk0gKElvd8ucuIh9kocegbmvESNb33O0eftAmnwk_42ERoyqX9o7fMhhhYw88-kzCo2IqcSIAFeB3rGTUF04Wi2EPLqS0PhSPjlldcbrTzWCH7jCenv36ww8aCMHpIf20p77ANmsH8goXdHhQLDxbPXpWfPhWzN236mHWzd5V88WoefrbX3m1QgwHznQhfXlx3oSrGiO3MKLDH5rZVOrafYE5t46_JoS4NrbFXc0unsBao_-WkkGQTT3tX8t1bIQZKp3reh4lNltNdM4uojV5XmKFBt4hQ5QK777HuM.jg0XDBH8G1Dp6IUaCXwi22gyUwWVpWIvhgRqrllSvo8&dib_tag=se&keywords=women+sports+wear+nike&qid=1713617598&sprefix=women+sports+wear+nike%2Caps%2C240&sr=8-3
3,Nike Women Shirt,Nike,Black,XL,Sports,women,polyester,https://m.media-amazon.com/images/I/41h6g+dkZdL._SX679_.jpg,,809,55%,https://www.amazon.in/Nike-Womens-Slim-Shirt-DQ3312-010_Black/dp/B0BJ2X1M5X/ref=sr_1_3?crid=3QE92DXYPSYJA&dib=eyJ2IjoiMSJ9.PGR_Mk0gKElvd8ucuIh9kocegbmvESNb33O0eftAmnwk_42ERoyqX9o7fMhhhYw88-kzCo2IqcSIAFeB3rGTUF04Wi2EPLqS0PhSPjlldcbrTzWCH7jCenv36ww8aCMHpIf20p77ANmsH8goXdHhQLDxbPXpWfPhWzN236mHWzd5V88WoefrbX3m1QgwHznQhfXlx3oSrGiO3MKLDH5rZVOrafYE5t46_JoS4NrbFXc0unsBao_-WkkGQTT3tX8t1bIQZKp3reh4lNltNdM4uojV5XmKFBt4hQ5QK777HuM.jg0XDBH8G1Dp6IUaCXwi22gyUwWVpWIvhgRqrllSvo8&dib_tag=se&keywords=women%2Bsports%2Bwear%2Bnike&qid=1713617598&sprefix=women%2Bsports%2Bwear%2Bnike%2Caps%2C240&sr=8-3&th=1&psc=1
3,Nike Women Shirt,Nike,Black,2XL,Sports,women,polyester,https://m.media-amazon.com/images/I/41h6g+dkZdL._SX679_.jpg,,809,55%,https://www.amazon.in/Nike-Womens-Slim-Shirt-DQ3312-010_Black/dp/B0BJ2Y695B/ref=sr_1_3?crid=3QE92DXYPSYJA&dib=eyJ2IjoiMSJ9.PGR_Mk0gKElvd8ucuIh9kocegbmvESNb33O0eftAmnwk_42ERoyqX9o7fMhhhYw88-kzCo2IqcSIAFeB3rGTUF04Wi2EPLqS0PhSPjlldcbrTzWCH7jCenv36ww8aCMHpIf20p77ANmsH8goXdHhQLDxbPXpWfPhWzN236mHWzd5V88WoefrbX3m1QgwHznQhfXlx3oSrGiO3MKLDH5rZVOrafYE5t46_JoS4NrbFXc0unsBao_-WkkGQTT3tX8t1bIQZKp3reh4lNltNdM4uojV5XmKFBt4hQ5QK777HuM.jg0XDBH8G1Dp6IUaCXwi22gyUwWVpWIvhgRqrllSvo8&dib_tag=se&keywords=women%2Bsports%2Bwear%2Bnike&qid=1713617598&sprefix=women%2Bsports%2Bwear%2Bnike%2Caps%2C240&sr=8-3&th=1&psc=1
4,Nike Women's Polyester Hooded Neck Sweatshirt,Nike,Pink,S,Casual,women,Polyester,https://m.media-amazon.com/images/I/31TAYP--0ZL.jpg,,"1,849",50%,https://www.amazon.in/Nike-Polyester-Sweatshirt-CZ1886-680_Beyond-Black_L/dp/B096FBW7BQ/ref=sr_1_33?crid=1GILE1U3NTUSI&dib=eyJ2IjoiMSJ9.rEZ7EpRc-gdPfkdU6tGaz4W_pKslDDc4wx1c2dIfMib3e64B3uhw-suWilPMoNlSx0fZL6-qwM6Gkb7cY7VWbB4rXTmwMsToaV02EZKrC9jvTmnOPKUX5amQXkYrDtIzC4c7u6SiT6PB7l1U5giIMmngOW8nL_KLLC3ntwschb_ZnhJ9RQPpe5WWVTpiBT-nRlCkBpcEnRcEL_8MkIN8QIMGWExMMe8pgwxqCRBuKkjPl5PnAtgAEg8eneAkysEDuZSSzBOZT2f9DNye914IIxEnt9n3Xkww9t3Q3gDRq8E.VZCdUwkBFUms5RZg9trGv2B8q3uQtSAlXZD6_1xKIXs&dib_tag=se&keywords=women%2Bcasual%2Bwear%2Bnike&qid=1713617796&sprefix=women%2Bcasual%2Bwear%2Bnike%2Caps%2C242&sr=8-33&th=1&psc=1
4,Nike Women's Polyester Hooded Neck Sweatshirt,Nike,Pink,M,Casual,women,Polyester,https://m.media-amazon.com/images/I/31TAYP--0ZL.jpg,,"1,849",50%,https://www.amazon.in/Nike-Polyester-Sweatshirt-CZ1886-680_Beyond-Black_L/dp/B096FBW7BQ/ref=sr_1_33?crid=1GILE1U3NTUSI&dib=eyJ2IjoiMSJ9.rEZ7EpRc-gdPfkdU6tGaz4W_pKslDDc4wx1c2dIfMib3e64B3uhw-suWilPMoNlSx0fZL6-qwM6Gkb7cY7VWbB4rXTmwMsToaV02EZKrC9jvTmnOPKUX5amQXkYrDtIzC4c7u6SiT6PB7l1U5giIMmngOW8nL_KLLC3ntwschb_ZnhJ9RQPpe5WWVTpiBT-nRlCkBpcEnRcEL_8MkIN8QIMGWExMMe8pgwxqCRBuKkjPl5PnAtgAEg8eneAkysEDuZSSzBOZT2f9DNye914IIxEnt9n3Xkww9t3Q3gDRq8E.VZCdUwkBFUms5RZg9trGv2B8q3uQtSAlXZD6_1xKIXs&dib_tag=se&keywords=women%2Bcasual%2Bwear%2Bnike&qid=1713617796&sprefix=women%2Bcasual%2Bwear%2Bnike%2Caps%2C242&sr=8-33&th=1&psc=1
4,Nike Women's Polyester Hooded Neck Sweatshirt,Nike,Pink,L,Casual,women,Polyester,https://m.media-amazon.com/images/I/31TAYP--0ZL.jpg,,"1,849",50%,https://www.amazon.in/Nike-Polyester-Sweatshirt-CZ1886-680_Beyond-Black_L/dp/B096FD6HTL/ref=sr_1_33?crid=1GILE1U3NTUSI&dib=eyJ2IjoiMSJ9.rEZ7EpRc-gdPfkdU6tGaz4W_pKslDDc4wx1c2dIfMib3e64B3uhw-suWilPMoNlSx0fZL6-qwM6Gkb7cY7VWbB4rXTmwMsToaV02EZKrC9jvTmnOPKUX5amQXkYrDtIzC4c7u6SiT6PB7l1U5giIMmngOW8nL_KLLC3ntwschb_ZnhJ9RQPpe5WWVTpiBT-nRlCkBpcEnRcEL_8MkIN8QIMGWExMMe8pgwxqCRBuKkjPl5PnAtgAEg8eneAkysEDuZSSzBOZT2f9DNye914IIxEnt9n3Xkww9t3Q3gDRq8E.VZCdUwkBFUms5RZg9trGv2B8q3uQtSAlXZD6_1xKIXs&dib_tag=se&keywords=women+casual+wear+nike&qid=1713617796&sprefix=women+casual+wear+nike%2Caps%2C242&sr=8-33
4,Nike Women's Polyester Hooded Neck Sweatshirt,Nike,Pink,XL,Casual,women,Polyester,https://m.media-amazon.com/images/I/31TAYP--0ZL.jpg,,"1,849",50%,https://www.amazon.in/Nike-Polyester-Sweatshirt-CZ1886-680_Beyond-Black_L/dp/B096FCXXTK/ref=sr_1_33?crid=1GILE1U3NTUSI&dib=eyJ2IjoiMSJ9.rEZ7EpRc-gdPfkdU6tGaz4W_pKslDDc4wx1c2dIfMib3e64B3uhw-suWilPMoNlSx0fZL6-qwM6Gkb7cY7VWbB4rXTmwMsToaV02EZKrC9jvTmnOPKUX5amQXkYrDtIzC4c7u6SiT6PB7l1U5giIMmngOW8nL_KLLC3ntwschb_ZnhJ9RQPpe5WWVTpiBT-nRlCkBpcEnRcEL_8MkIN8QIMGWExMMe8pgwxqCRBuKkjPl5PnAtgAEg8eneAkysEDuZSSzBOZT2f9DNye914IIxEnt9n3Xkww9t3Q3gDRq8E.VZCdUwkBFUms5RZg9trGv2B8q3uQtSAlXZD6_1xKIXs&dib_tag=se&keywords=women%2Bcasual%2Bwear%2Bnike&qid=1713617796&sprefix=women%2Bcasual%2Bwear%2Bnike%2Caps%2C242&sr=8-33&th=1&psc=1
4,Nike Women's Polyester Hooded Neck Sweatshirt,Nike,Pink,XS,Casual,women,Polyester,https://m.media-amazon.com/images/I/31TAYP--0ZL.jpg,,"1,849",50%,https://www.amazon.in/Nike-Polyester-Sweatshirt-CZ1886-680_Beyond-Black_L/dp/B096FD1JLV/ref=sr_1_33?crid=1GILE1U3NTUSI&dib=eyJ2IjoiMSJ9.rEZ7EpRc-gdPfkdU6tGaz4W_pKslDDc4wx1c2dIfMib3e64B3uhw-suWilPMoNlSx0fZL6-qwM6Gkb7cY7VWbB4rXTmwMsToaV02EZKrC9jvTmnOPKUX5amQXkYrDtIzC4c7u6SiT6PB7l1U5giIMmngOW8nL_KLLC3ntwschb_ZnhJ9RQPpe5WWVTpiBT-nRlCkBpcEnRcEL_8MkIN8QIMGWExMMe8pgwxqCRBuKkjPl5PnAtgAEg8eneAkysEDuZSSzBOZT2f9DNye914IIxEnt9n3Xkww9t3Q3gDRq8E.VZCdUwkBFUms5RZg9trGv2B8q3uQtSAlXZD6_1xKIXs&dib_tag=se&keywords=women%2Bcasual%2Bwear%2Bnike&qid=1713617796&sprefix=women%2Bcasual%2Bwear%2Bnike%2Caps%2C242&sr=8-33&th=1&psc=1
5,Puma Men Sweatshirt,Puma,Gray,XS,Regular,men,Cotton,https://m.media-amazon.com/images/I/61WRIRaAJpL._SX679_.jpg,,"1,499",50%,https://www.amazon.in/Puma-Cotton-Sweatshirt-84979103_Medium-Heather_L/dp/B0BFXBYVTD/ref=sr_1_7?crid=2J5EG0WZ72AFK&dib=eyJ2IjoiMSJ9.7aPBKZm2r8CW2gLBwt9kOBgCI-3kBW5Saz1GhOP-E35RNDHbvDDFNapcK22D-n3tLf3cjbC1WqiR421M4dWTShUI6vNmmDeAUbMTNoTWxCHtlz7u6Nn_oAzOSV6kniHJJ6OQkzOME30AORmoSJfWxNuMp2I_qFb5b4WPwka5U0QnZQA5i9PgqRpXW498d_3GFizbe9GZnTEDBwNNb-YT76MQqvue06hlHKmk6GlnaBt7LNecCnPTDr0Cve-EduRMdTnov2188lFvSFtsO-rS5_6AXPwMVSJCsjyNFk9q2dw.e88CxwNWjK9yZuk-df9A4t5keiAw4N3wtuIouoyy0sk&dib_tag=se&keywords=men+sweatshirt+puma&qid=1713618090&sprefix=man+swatshirt+puma%2Caps%2C228&sr=8-7
5,Puma Men Sweatshirt,Puma,Gray,S,Regular,men,Cotton,https://m.media-amazon.com/images/I/61WRIRaAJpL._SX679_.jpg,,"1,499",50%,https://www.amazon.in/Puma-Cotton-Sweatshirt-84979103_Medium-Heather_L/dp/B0BFXBYVTD/ref=sr_1_7?crid=2J5EG0WZ72AFK&dib=eyJ2IjoiMSJ9.7aPBKZm2r8CW2gLBwt9kOBgCI-3kBW5Saz1GhOP-E35RNDHbvDDFNapcK22D-n3tLf3cjbC1WqiR421M4dWTShUI6vNmmDeAUbMTNoTWxCHtlz7u6Nn_oAzOSV6kniHJJ6OQkzOME30AORmoSJfWxNuMp2I_qFb5b4WPwka5U0QnZQA5i9PgqRpXW498d_3GFizbe9GZnTEDBwNNb-YT76MQqvue06hlHKmk6GlnaBt7LNecCnPTDr0Cve-EduRMdTnov2188lFvSFtsO-rS5_6AXPwMVSJCsjyNFk9q2dw.e88CxwNWjK9yZuk-df9A4t5keiAw4N3wtuIouoyy0sk&dib_tag=se&keywords=men+sweatshirt+puma&qid=1713618090&sprefix=man+swatshirt+puma%2Caps%2C228&sr=8-8
5,Puma Men Sweatshirt,Puma,Gray,L,Regular,men,Cotton,https://m.media-amazon.com/images/I/61WRIRaAJpL._SX679_.jpg,,"1,499",50%,https://www.amazon.in/Puma-Cotton-Sweatshirt-84979103_Medium-Heather_L/dp/B0BFXBYVTD/ref=sr_1_7?crid=2J5EG0WZ72AFK&dib=eyJ2IjoiMSJ9.7aPBKZm2r8CW2gLBwt9kOBgCI-3kBW5Saz1GhOP-E35RNDHbvDDFNapcK22D-n3tLf3cjbC1WqiR421M4dWTShUI6vNmmDeAUbMTNoTWxCHtlz7u6Nn_oAzOSV6kniHJJ6OQkzOME30AORmoSJfWxNuMp2I_qFb5b4WPwka5U0QnZQA5i9PgqRpXW498d_3GFizbe9GZnTEDBwNNb-YT76MQqvue06hlHKmk6GlnaBt7LNecCnPTDr0Cve-EduRMdTnov2188lFvSFtsO-rS5_6AXPwMVSJCsjyNFk9q2dw.e88CxwNWjK9yZuk-df9A4t5keiAw4N3wtuIouoyy0sk&dib_tag=se&keywords=men+sweatshirt+puma&qid=1713618090&sprefix=man+swatshirt+puma%2Caps%2C228&sr=8-9
5,Puma Men Sweatshirt,Puma,Gray,M,Regular,men,Cotton,https://m.media-amazon.com/images/I/61WRIRaAJpL._SX679_.jpg,,"1,499",50%,https://www.amazon.in/Puma-Cotton-Sweatshirt-84979103_Medium-Heather_L/dp/B0BFXBYVTD/ref=sr_1_7?crid=2J5EG0WZ72AFK&dib=eyJ2IjoiMSJ9.7aPBKZm2r8CW2gLBwt9kOBgCI-3kBW5Saz1GhOP-E35RNDHbvDDFNapcK22D-n3tLf3cjbC1WqiR421M4dWTShUI6vNmmDeAUbMTNoTWxCHtlz7u6Nn_oAzOSV6kniHJJ6OQkzOME30AORmoSJfWxNuMp2I_qFb5b4WPwka5U0QnZQA5i9PgqRpXW498d_3GFizbe9GZnTEDBwNNb-YT76MQqvue06hlHKmk6GlnaBt7LNecCnPTDr0Cve-EduRMdTnov2188lFvSFtsO-rS5_6AXPwMVSJCsjyNFk9q2dw.e88CxwNWjK9yZuk-df9A4t5keiAw4N3wtuIouoyy0sk&dib_tag=se&keywords=men+sweatshirt+puma&qid=1713618090&sprefix=man+swatshirt+puma%2Caps%2C228&sr=8-10
5,Puma Men Sweatshirt,Puma,Gray,XL,Regular,men,Cotton,https://m.media-amazon.com/images/I/61WRIRaAJpL._SX679_.jpg,,"1,499",50%,https://www.amazon.in/Puma-Cotton-Sweatshirt-84979103_Medium-Heather_L/dp/B0BFXBYVTD/ref=sr_1_7?crid=2J5EG0WZ72AFK&dib=eyJ2IjoiMSJ9.7aPBKZm2r8CW2gLBwt9kOBgCI-3kBW5Saz1GhOP-E35RNDHbvDDFNapcK22D-n3tLf3cjbC1WqiR421M4dWTShUI6vNmmDeAUbMTNoTWxCHtlz7u6Nn_oAzOSV6kniHJJ6OQkzOME30AORmoSJfWxNuMp2I_qFb5b4WPwka5U0QnZQA5i9PgqRpXW498d_3GFizbe9GZnTEDBwNNb-YT76MQqvue06hlHKmk6GlnaBt7LNecCnPTDr0Cve-EduRMdTnov2188lFvSFtsO-rS5_6AXPwMVSJCsjyNFk9q2dw.e88CxwNWjK9yZuk-df9A4t5keiAw4N3wtuIouoyy0sk&dib_tag=se&keywords=men+sweatshirt+puma&qid=1713618090&sprefix=man+swatshirt+puma%2Caps%2C228&sr=8-11
5,Puma Men Sweatshirt,Puma,Gray,2XL,Regular,men,Cotton,https://m.media-amazon.com/images/I/61WRIRaAJpL._SX679_.jpg,,"1,499",50%,https://www.amazon.in/Puma-Cotton-Sweatshirt-84979103_Medium-Heather_L/dp/B0BFXBYVTD/ref=sr_1_7?crid=2J5EG0WZ72AFK&dib=eyJ2IjoiMSJ9.7aPBKZm2r8CW2gLBwt9kOBgCI-3kBW5Saz1GhOP-E35RNDHbvDDFNapcK22D-n3tLf3cjbC1WqiR421M4dWTShUI6vNmmDeAUbMTNoTWxCHtlz7u6Nn_oAzOSV6kniHJJ6OQkzOME30AORmoSJfWxNuMp2I_qFb5b4WPwka5U0QnZQA5i9PgqRpXW498d_3GFizbe9GZnTEDBwNNb-YT76MQqvue06hlHKmk6GlnaBt7LNecCnPTDr0Cve-EduRMdTnov2188lFvSFtsO-rS5_6AXPwMVSJCsjyNFk9q2dw.e88CxwNWjK9yZuk-df9A4t5keiAw4N3wtuIouoyy0sk&dib_tag=se&keywords=men+sweatshirt+puma&qid=1713618090&sprefix=man+swatshirt+puma%2Caps%2C228&sr=8-12
6,Nike Men Casual Shorts,Nike,Blue/Black,XS,Casual,men,Polyester,https://m.media-amazon.com/images/I/81NDwU5zk2L._SX569_.jpg,,"1,349",46%,https://www.amazon.in/Nike-Boxer-Shorts-DQ4813-499_Blue-Black_M/dp/B0BLZ8T9HF/ref=sr_1_2?crid=PEZQUFETA65X&dib=eyJ2IjoiMSJ9.cuoXgjjvFxCyEDsvvX_5nPbderzevZ3sjTJSarBndXqBLIVLT9ghlKK-imcvVM0W_kulIzOFaSoZgzBt4-vBWL8wl0Pg_5s4HdfquQgqmtdAuz5rdq9f6L34LFsubAk_uh70JgK6ja7tv0yKgXz0x8KTixlYCHXr5H7lyrhWsR5WruDSMGFF-j0yFU2A54rZZd6ffWroyUhnubksEm5cDVxFXgP5uSxKgZE3U0seUeHRajskCQZZKSCNPH0H4LQ8tHYquXynwGG6wu7w79KZVyp4G9hLtsa9K-s0ktnz9B4.ZYKqTdpIZNlipfHasAmadOjdhBW_LdlJHMelwduMyQg&dib_tag=se&keywords=nike+clothes+for+men&qid=1713618352&sprefix=nike+clothes+for+men%2Caps%2C235&sr=8-2
6,Nike Men Casual Shorts,Nike,Blue/Black,S,Casual,men,Polyester,https://m.media-amazon.com/images/I/81NDwU5zk2L._SX569_.jpg,,"1,349",46%,https://www.amazon.in/Nike-Boxer-Shorts-DQ4813-499_Blue-Black_M/dp/B0BLZ8T9HF/ref=sr_1_2?crid=PEZQUFETA65X&dib=eyJ2IjoiMSJ9.cuoXgjjvFxCyEDsvvX_5nPbderzevZ3sjTJSarBndXqBLIVLT9ghlKK-imcvVM0W_kulIzOFaSoZgzBt4-vBWL8wl0Pg_5s4HdfquQgqmtdAuz5rdq9f6L34LFsubAk_uh70JgK6ja7tv0yKgXz0x8KTixlYCHXr5H7lyrhWsR5WruDSMGFF-j0yFU2A54rZZd6ffWroyUhnubksEm5cDVxFXgP5uSxKgZE3U0seUeHRajskCQZZKSCNPH0H4LQ8tHYquXynwGG6wu7w79KZVyp4G9hLtsa9K-s0ktnz9B4.ZYKqTdpIZNlipfHasAmadOjdhBW_LdlJHMelwduMyQg&dib_tag=se&keywords=nike+clothes+for+men&qid=1713618352&sprefix=nike+clothes+for+men%2Caps%2C235&sr=8-3
6,Nike Men Casual Shorts,Nike,Blue/Black,M,Casual,men,Polyester,https://m.media-amazon.com/images/I/81NDwU5zk2L._SX569_.jpg,,"1,349",46%,https://www.amazon.in/Nike-Boxer-Shorts-DQ4813-499_Blue-Black_M/dp/B0BLZ8T9HF/ref=sr_1_2?crid=PEZQUFETA65X&dib=eyJ2IjoiMSJ9.cuoXgjjvFxCyEDsvvX_5nPbderzevZ3sjTJSarBndXqBLIVLT9ghlKK-imcvVM0W_kulIzOFaSoZgzBt4-vBWL8wl0Pg_5s4HdfquQgqmtdAuz5rdq9f6L34LFsubAk_uh70JgK6ja7tv0yKgXz0x8KTixlYCHXr5H7lyrhWsR5WruDSMGFF-j0yFU2A54rZZd6ffWroyUhnubksEm5cDVxFXgP5uSxKgZE3U0seUeHRajskCQZZKSCNPH0H4LQ8tHYquXynwGG6wu7w79KZVyp4G9hLtsa9K-s0ktnz9B4.ZYKqTdpIZNlipfHasAmadOjdhBW_LdlJHMelwduMyQg&dib_tag=se&keywords=nike+clothes+for+men&qid=1713618352&sprefix=nike+clothes+for+men%2Caps%2C235&sr=8-4
6,Nike Men Casual Shorts,Nike,Blue/Black,L,Casual,men,Polyester,https://m.media-amazon.com/images/I/81NDwU5zk2L._SX569_.jpg,,"1,349",46%,https://www.amazon.in/Nike-Boxer-Shorts-DQ4813-499_Blue-Black_M/dp/B0BLZ8T9HF/ref=sr_1_2?crid=PEZQUFETA65X&dib=eyJ2IjoiMSJ9.cuoXgjjvFxCyEDsvvX_5nPbderzevZ3sjTJSarBndXqBLIVLT9ghlKK-imcvVM0W_kulIzOFaSoZgzBt4-vBWL8wl0Pg_5s4HdfquQgqmtdAuz5rdq9f6L34LFsubAk_uh70JgK6ja7tv0yKgXz0x8KTixlYCHXr5H7lyrhWsR5WruDSMGFF-j0yFU2A54rZZd6ffWroyUhnubksEm5cDVxFXgP5uSxKgZE3U0seUeHRajskCQZZKSCNPH0H4LQ8tHYquXynwGG6wu7w79KZVyp4G9hLtsa9K-s0ktnz9B4.ZYKqTdpIZNlipfHasAmadOjdhBW_LdlJHMelwduMyQg&dib_tag=se&keywords=nike+clothes+for+men&qid=1713618352&sprefix=nike+clothes+for+men%2Caps%2C235&sr=8-5
6,Nike Men Casual Shorts,Nike,Blue/Black,XL,Casual,men,Polyester,https://m.media-amazon.com/images/I/81NDwU5zk2L._SX569_.jpg,,"1,349",46%,https://www.amazon.in/Nike-Boxer-Shorts-DQ4813-499_Blue-Black_M/dp/B0BLZ8T9HF/ref=sr_1_2?crid=PEZQUFETA65X&dib=eyJ2IjoiMSJ9.cuoXgjjvFxCyEDsvvX_5nPbderzevZ3sjTJSarBndXqBLIVLT9ghlKK-imcvVM0W_kulIzOFaSoZgzBt4-vBWL8wl0Pg_5s4HdfquQgqmtdAuz5rdq9f6L34LFsubAk_uh70JgK6ja7tv0yKgXz0x8KTixlYCHXr5H7lyrhWsR5WruDSMGFF-j0yFU2A54rZZd6ffWroyUhnubksEm5cDVxFXgP5uSxKgZE3U0seUeHRajskCQZZKSCNPH0H4LQ8tHYquXynwGG6wu7w79KZVyp4G9hLtsa9K-s0ktnz9B4.ZYKqTdpIZNlipfHasAmadOjdhBW_LdlJHMelwduMyQg&dib_tag=se&keywords=nike+clothes+for+men&qid=1713618352&sprefix=nike+clothes+for+men%2Caps%2C235&sr=8-6
6,Nike Men Casual Shorts,Nike,Blue/Black,2XL,Casual,men,Polyester,https://m.media-amazon.com/images/I/81NDwU5zk2L._SX569_.jpg,,"1,349",46%,https://www.amazon.in/Nike-Boxer-Shorts-DQ4813-499_Blue-Black_M/dp/B0BLZ8T9HF/ref=sr_1_2?crid=PEZQUFETA65X&dib=eyJ2IjoiMSJ9.cuoXgjjvFxCyEDsvvX_5nPbderzevZ3sjTJSarBndXqBLIVLT9ghlKK-imcvVM0W_kulIzOFaSoZgzBt4-vBWL8wl0Pg_5s4HdfquQgqmtdAuz5rdq9f6L34LFsubAk_uh70JgK6ja7tv0yKgXz0x8KTixlYCHXr5H7lyrhWsR5WruDSMGFF-j0yFU2A54rZZd6ffWroyUhnubksEm5cDVxFXgP5uSxKgZE3U0seUeHRajskCQZZKSCNPH0H4LQ8tHYquXynwGG6wu7w79KZVyp4G9hLtsa9K-s0ktnz9B4.ZYKqTdpIZNlipfHasAmadOjdhBW_LdlJHMelwduMyQg&dib_tag=se&keywords=nike+clothes+for+men&qid=1713618352&sprefix=nike+clothes+for+men%2Caps%2C235&sr=8-7
7,Adidas Men's Regular Track Pants,Adidas,Black/White,XS,Birthday/Regular,men,Cotton,https://m.media-amazon.com/images/I/51IRANJPcGL._SX679_.jpg,,"1,799",40%,https://www.amazon.in/Adidas-Track-Pants-DY1581_Black-White_L/dp/B07VP4LWJX/ref=sr_1_2?crid=VPH8BDC0ZJZG&dib=eyJ2IjoiMSJ9.FR79XajMqz8wWhDapwc-VBEsyWd0Z9_-NwppcI1LlYSnEQ5cX-s839h1LukoyBCE7ztegzuqS3fmNvTZgls2M9nMZc2XhknBD1tk3qnZSLdeskmdpvjmyY88X9wNV_ggQJOf5HHqqN2mGGdoxALI0BAKyfwXrNMByVwsqCLHKfg906YjJTH9WvJRIYWrbPcYfe7gNZL3UUqh0YrFXGbOJpq4pQmi5zvjh5UAJoHlVuawwlaT6pMbRNaue4lcgPCHWKbSGrqPwy7EdNyC96nkP-lU0sCUYjQs0u-6O84aOOk.3uJAt7-MVASEJRE29aGFB_z2q__J1XzcVCvTOw4SSiA&dib_tag=se&keywords=adidas+clothes+for+men+trouser&qid=1713618528&sprefix=adidas+clothes+for+men+trouse%2Caps%2C214&sr=8-2
7,Adidas Men's Regular Track Pants,Adidas,Black/White,S,Birthday/Regular,men,Cotton,https://m.media-amazon.com/images/I/51IRANJPcGL._SX679_.jpg,,"1,799",40%,https://www.amazon.in/Adidas-Track-Pants-DY1581_Black-White_L/dp/B07VP4LWJX/ref=sr_1_2?crid=VPH8BDC0ZJZG&dib=eyJ2IjoiMSJ9.FR79XajMqz8wWhDapwc-VBEsyWd0Z9_-NwppcI1LlYSnEQ5cX-s839h1LukoyBCE7ztegzuqS3fmNvTZgls2M9nMZc2XhknBD1tk3qnZSLdeskmdpvjmyY88X9wNV_ggQJOf5HHqqN2mGGdoxALI0BAKyfwXrNMByVwsqCLHKfg906YjJTH9WvJRIYWrbPcYfe7gNZL3UUqh0YrFXGbOJpq4pQmi5zvjh5UAJoHlVuawwlaT6pMbRNaue4lcgPCHWKbSGrqPwy7EdNyC96nkP-lU0sCUYjQs0u-6O84aOOk.3uJAt7-MVASEJRE29aGFB_z2q__J1XzcVCvTOw4SSiA&dib_tag=se&keywords=adidas+clothes+for+men+trouser&qid=1713618528&sprefix=adidas+clothes+for+men+trouse%2Caps%2C214&sr=8-3
7,Adidas Men's Regular Track Pants,Adidas,Black/White,M,Birthday/Regular,men,Cotton,https://m.media-amazon.com/images/I/51IRANJPcGL._SX679_.jpg,,"1,799",40%,https://www.amazon.in/Adidas-Track-Pants-DY1581_Black-White_L/dp/B07VP4LWJX/ref=sr_1_2?crid=VPH8BDC0ZJZG&dib=eyJ2IjoiMSJ9.FR79XajMqz8wWhDapwc-VBEsyWd0Z9_-NwppcI1LlYSnEQ5cX-s839h1LukoyBCE7ztegzuqS3fmNvTZgls2M9nMZc2XhknBD1tk3qnZSLdeskmdpvjmyY88X9wNV_ggQJOf5HHqqN2mGGdoxALI0BAKyfwXrNMByVwsqCLHKfg906YjJTH9WvJRIYWrbPcYfe7gNZL3UUqh0YrFXGbOJpq4pQmi5zvjh5UAJoHlVuawwlaT6pMbRNaue4lcgPCHWKbSGrqPwy7EdNyC96nkP-lU0sCUYjQs0u-6O84aOOk.3uJAt7-MVASEJRE29aGFB_z2q__J1XzcVCvTOw4SSiA&dib_tag=se&keywords=adidas+clothes+for+men+trouser&qid=1713618528&sprefix=adidas+clothes+for+men+trouse%2Caps%2C214&sr=8-4
7,Adidas Men's Regular Track Pants,Adidas,Black/White,L,Birthday/Regular,men,Cotton,https://m.media-amazon.com/images/I/51IRANJPcGL._SX679_.jpg,,"1,799",40%,https://www.amazon.in/Adidas-Track-Pants-DY1581_Black-White_L/dp/B07VP4LWJX/ref=sr_1_2?crid=VPH8BDC0ZJZG&dib=eyJ2IjoiMSJ9.FR79XajMqz8wWhDapwc-VBEsyWd0Z9_-NwppcI1LlYSnEQ5cX-s839h1LukoyBCE7ztegzuqS3fmNvTZgls2M9nMZc2XhknBD1tk3qnZSLdeskmdpvjmyY88X9wNV_ggQJOf5HHqqN2mGGdoxALI0BAKyfwXrNMByVwsqCLHKfg906YjJTH9WvJRIYWrbPcYfe7gNZL3UUqh0YrFXGbOJpq4pQmi5zvjh5UAJoHlVuawwlaT6pMbRNaue4lcgPCHWKbSGrqPwy7EdNyC96nkP-lU0sCUYjQs0u-6O84aOOk.3uJAt7-MVASEJRE29aGFB_z2q__J1XzcVCvTOw4SSiA&dib_tag=se&keywords=adidas+clothes+for+men+trouser&qid=1713618528&sprefix=adidas+clothes+for+men+trouse%2Caps%2C214&sr=8-5
7,Adidas Men's Regular Track Pants,Adidas,Black/White,XL,Birthday/Regular,men,Cotton,https://m.media-amazon.com/images/I/51IRANJPcGL._SX679_.jpg,,"1,799",40%,https://www.amazon.in/Adidas-Track-Pants-DY1581_Black-White_L/dp/B07VP4LWJX/ref=sr_1_2?crid=VPH8BDC0ZJZG&dib=eyJ2IjoiMSJ9.FR79XajMqz8wWhDapwc-VBEsyWd0Z9_-NwppcI1LlYSnEQ5cX-s839h1LukoyBCE7ztegzuqS3fmNvTZgls2M9nMZc2XhknBD1tk3qnZSLdeskmdpvjmyY88X9wNV_ggQJOf5HHqqN2mGGdoxALI0BAKyfwXrNMByVwsqCLHKfg906YjJTH9WvJRIYWrbPcYfe7gNZL3UUqh0YrFXGbOJpq4pQmi5zvjh5UAJoHlVuawwlaT6pMbRNaue4lcgPCHWKbSGrqPwy7EdNyC96nkP-lU0sCUYjQs0u-6O84aOOk.3uJAt7-MVASEJRE29aGFB_z2q__J1XzcVCvTOw4SSiA&dib_tag=se&keywords=adidas+clothes+for+men+trouser&qid=1713618528&sprefix=adidas+clothes+for+men+trouse%2Caps%2C214&sr=8-6
8,U.S. POLO ASSN. Men's Regular Fit T-Shirt,U.S. Polo,Maroon/Aqua/Olive/Red/Navy,S,Regular,men,Cotton,https://m.media-amazon.com/images/I/81QXIeMTP2L._SX569_.jpg,,"1,297",41%,https://www.amazon.in/U-S-POLO-ASSN-Regular-USTSHS1614_Maroon_L/dp/B0CBFTR5WR/ref=sr_1_14?crid=1ROVHDTT26VQ0&dib=eyJ2IjoiMSJ9.qbrul4DzRIUGDF-cqzjptRyt1dxWjU6nvUzjoBB0UQo5a6D1yKyUl4q2UkIbwG_p9lPmQBchKtNCgmYvYCWxlwZbeNSia_410YXTbySAzoo_LwwZeaU5_a2UpawBiEZyFrqaftgR_MzqbO9g1wgxwGSmCxE1ZChh4HcbsZpSIUaffWVo78egCMTUxslGavxiSdH2rtGCJCvA5Tj8c_0NkY3cew0Se0XPUM2VE0wHEqGf5qVormhdjmhSwGSf66tO_4N4eIJFJ1rEe68TV-S3UQ-vlY4FVg2wW7VIpc1VYHw.0IVv3bHB9gH5S02P6C3S-ry4Uqgsc6MYn4ebllvsz9o&dib_tag=se&keywords=us+polo+t+shirts+for+men&qid=1713618864&sprefix=us+polo+%2Caps%2C251&sr=8-14
8,U.S. POLO ASSN. Men's Regular Fit T-Shirt,U.S. Polo,Maroon/Aqua/Olive/Red/Navy,L,Regular,men,Cotton,https://m.media-amazon.com/images/I/81QXIeMTP2L._SX569_.jpg,,"1,297",41%,https://www.amazon.in/U-S-POLO-ASSN-Regular-USTSHS1614_Maroon_L/dp/B0CBFTR5WR/ref=sr_1_14?crid=1ROVHDTT26VQ0&dib=eyJ2IjoiMSJ9.qbrul4DzRIUGDF-cqzjptRyt1dxWjU6nvUzjoBB0UQo5a6D1yKyUl4q2UkIbwG_p9lPmQBchKtNCgmYvYCWxlwZbeNSia_410YXTbySAzoo_LwwZeaU5_a2UpawBiEZyFrqaftgR_MzqbO9g1wgxwGSmCxE1ZChh4HcbsZpSIUaffWVo78egCMTUxslGavxiSdH2rtGCJCvA5Tj8c_0NkY3cew0Se0XPUM2VE0wHEqGf5qVormhdjmhSwGSf66tO_4N4eIJFJ1rEe68TV-S3UQ-vlY4FVg2wW7VIpc1VYHw.0IVv3bHB9gH5S02P6C3S-ry4Uqgsc6MYn4ebllvsz9o&dib_tag=se&keywords=us+polo+t+shirts+for+men&qid=1713618864&sprefix=us+polo+%2Caps%2C251&sr=8-15
8,U.S. POLO ASSN. Men's Regular Fit T-Shirt,U.S. Polo,Maroon/Aqua/Olive/Red/Navy,M,Regular,men,Cotton,https://m.media-amazon.com/images/I/81QXIeMTP2L._SX569_.jpg,,"1,297",41%,https://www.amazon.in/U-S-POLO-ASSN-Regular-USTSHS1614_Maroon_L/dp/B0CBFTR5WR/ref=sr_1_14?crid=1ROVHDTT26VQ0&dib=eyJ2IjoiMSJ9.qbrul4DzRIUGDF-cqzjptRyt1dxWjU6nvUzjoBB0UQo5a6D1yKyUl4q2UkIbwG_p9lPmQBchKtNCgmYvYCWxlwZbeNSia_410YXTbySAzoo_LwwZeaU5_a2UpawBiEZyFrqaftgR_MzqbO9g1wgxwGSmCxE1ZChh4HcbsZpSIUaffWVo78egCMTUxslGavxiSdH2rtGCJCvA5Tj8c_0NkY3cew0Se0XPUM2VE0wHEqGf5qVormhdjmhSwGSf66tO_4N4eIJFJ1rEe68TV-S3UQ-vlY4FVg2wW7VIpc1VYHw.0IVv3bHB9gH5S02P6C3S-ry4Uqgsc6MYn4ebllvsz9o&dib_tag=se&keywords=us+polo+t+shirts+for+men&qid=1713618864&sprefix=us+polo+%2Caps%2C251&sr=8-16
8,U.S. POLO ASSN. Men's Regular Fit T-Shirt,U.S. Polo,Maroon/Aqua/Olive/Red/Navy,XL,Regular,men,Cotton,https://m.media-amazon.com/images/I/81QXIeMTP2L._SX569_.jpg,,"1,297",41%,https://www.amazon.in/U-S-POLO-ASSN-Regular-USTSHS1614_Maroon_L/dp/B0CBFTR5WR/ref=sr_1_14?crid=1ROVHDTT26VQ0&dib=eyJ2IjoiMSJ9.qbrul4DzRIUGDF-cqzjptRyt1dxWjU6nvUzjoBB0UQo5a6D1yKyUl4q2UkIbwG_p9lPmQBchKtNCgmYvYCWxlwZbeNSia_410YXTbySAzoo_LwwZeaU5_a2UpawBiEZyFrqaftgR_MzqbO9g1wgxwGSmCxE1ZChh4HcbsZpSIUaffWVo78egCMTUxslGavxiSdH2rtGCJCvA5Tj8c_0NkY3cew0Se0XPUM2VE0wHEqGf5qVormhdjmhSwGSf66tO_4N4eIJFJ1rEe68TV-S3UQ-vlY4FVg2wW7VIpc1VYHw.0IVv3bHB9gH5S02P6C3S-ry4Uqgsc6MYn4ebllvsz9o&dib_tag=se&keywords=us+polo+t+shirts+for+men&qid=1713618864&sprefix=us+polo+%2Caps%2C251&sr=8-17
9,Allen Solly Men's Regular Fit Polo,Allen Solly,Red/Black/White/Blue/Navy/Cyan/Green/Yellow,S,Regular,men,Cotton/Polyester,https://m.media-amazon.com/images/I/71eUwDk8z+L._SY879_.jpg,,699,36%,https://www.amazon.in/Allen-Solly-Regular-AMKP317G04249_Jet-Black_X-Large/dp/B06Y2CH63N/ref=sr_1_11?crid=3QUOIS3LZX4ZG&dib=eyJ2IjoiMSJ9.qbrul4DzRIUGDF-cqzjptRyt1dxWjU6nvUzjoBB0UQo5a6D1yKyUl4q2UkIbwG_p9lPmQBchKtNCgmYvYCWxlwZbeNSia_410YXTbySAzoo_LwwZeaU5_a2UpawBiEZyFrqaftgR_MzqbO9g1wgxwGSmCxE1ZChh4HcbsZpSIUaffWVo78egCMTUxslGavxiSdH2rtGCJCvA5Tj8c_0NkY3cew0Se0XPUM2VE0wHEqGf5qVormhdjmhSwGSf66tO_4N4eIJFJ1rEe68TV-S3UQ-vlY4FVg2wW7VIpc1VYHw.0IVv3bHB9gH5S02P6C3S-ry4Uqgsc6MYn4ebllvsz9o&dib_tag=se&keywords=us+polo+t+shirts+for+men&qid=1713619355&sprefix=%2Caps%2C176&sr=8-11
9,Allen Solly Men's Regular Fit Polo,Allen Solly,Red/Black/White/Blue/Navy/Cyan/Green/Yellow,M,Regular,men,Cotton/Polyester,https://m.media-amazon.com/images/I/71eUwDk8z+L._SY879_.jpg,,699,36%,https://www.amazon.in/Allen-Solly-Regular-AMKP317G04249_Jet-Black_X-Large/dp/B06Y2CH63N/ref=sr_1_11?crid=3QUOIS3LZX4ZG&dib=eyJ2IjoiMSJ9.qbrul4DzRIUGDF-cqzjptRyt1dxWjU6nvUzjoBB0UQo5a6D1yKyUl4q2UkIbwG_p9lPmQBchKtNCgmYvYCWxlwZbeNSia_410YXTbySAzoo_LwwZeaU5_a2UpawBiEZyFrqaftgR_MzqbO9g1wgxwGSmCxE1ZChh4HcbsZpSIUaffWVo78egCMTUxslGavxiSdH2rtGCJCvA5Tj8c_0NkY3cew0Se0XPUM2VE0wHEqGf5qVormhdjmhSwGSf66tO_4N4eIJFJ1rEe68TV-S3UQ-vlY4FVg2wW7VIpc1VYHw.0IVv3bHB9gH5S02P6C3S-ry4Uqgsc6MYn4ebllvsz9o&dib_tag=se&keywords=us+polo+t+shirts+for+men&qid=1713619355&sprefix=%2Caps%2C176&sr=8-12
9,Allen Solly Men's Regular Fit Polo,Allen Solly,Red/Black/White/Blue/Navy/Cyan/Green/Yellow,L,Regular,men,Cotton/Polyester,https://m.media-amazon.com/images/I/71eUwDk8z+L._SY879_.jpg,,699,36%,https://www.amazon.in/Allen-Solly-Regular-AMKP317G04249_Jet-Black_X-Large/dp/B06Y2CH63N/ref=sr_1_11?crid=3QUOIS3LZX4ZG&dib=eyJ2IjoiMSJ9.qbrul4DzRIUGDF-cqzjptRyt1dxWjU6nvUzjoBB0UQo5a6D1yKyUl4q2UkIbwG_p9lPmQBchKtNCgmYvYCWxlwZbeNSia_410YXTbySAzoo_LwwZeaU5_a2UpawBiEZyFrqaftgR_MzqbO9g1wgxwGSmCxE1ZChh4HcbsZpSIUaffWVo78egCMTUxslGavxiSdH2rtGCJCvA5Tj8c_0NkY3cew0Se0XPUM2VE0wHEqGf5qVormhdjmhSwGSf66tO_4N4eIJFJ1rEe68TV-S3UQ-vlY4FVg2wW7VIpc1VYHw.0IVv3bHB9gH5S02P6C3S-ry4Uqgsc6MYn4ebllvsz9o&dib_tag=se&keywords=us+polo+t+shirts+for+men&qid=1713619355&sprefix=%2Caps%2C176&sr=8-13
9,Allen Solly Men's Regular Fit Polo,Allen Solly,Red/Black/White/Blue/Navy/Cyan/Green/Yellow,XL,Regular,men,Cotton/Polyester,https://m.media-amazon.com/images/I/71eUwDk8z+L._SY879_.jpg,,699,36%,https://www.amazon.in/Allen-Solly-Regular-AMKP317G04249_Jet-Black_X-Large/dp/B06Y2CH63N/ref=sr_1_11?crid=3QUOIS3LZX4ZG&dib=eyJ2IjoiMSJ9.qbrul4DzRIUGDF-cqzjptRyt1dxWjU6nvUzjoBB0UQo5a6D1yKyUl4q2UkIbwG_p9lPmQBchKtNCgmYvYCWxlwZbeNSia_410YXTbySAzoo_LwwZeaU5_a2UpawBiEZyFrqaftgR_MzqbO9g1wgxwGSmCxE1ZChh4HcbsZpSIUaffWVo78egCMTUxslGavxiSdH2rtGCJCvA5Tj8c_0NkY3cew0Se0XPUM2VE0wHEqGf5qVormhdjmhSwGSf66tO_4N4eIJFJ1rEe68TV-S3UQ-vlY4FVg2wW7VIpc1VYHw.0IVv3bHB9gH5S02P6C3S-ry4Uqgsc6MYn4ebllvsz9o&dib_tag=se&keywords=us+polo+t+shirts+for+men&qid=1713619355&sprefix=%2Caps%2C176&sr=8-14
9,Allen Solly Men's Regular Fit Polo,Allen Solly,Red/Black/White/Blue/Navy/Cyan/Green/Yellow,2XL,Regular,men,Cotton/Polyester,https://m.media-amazon.com/images/I/71eUwDk8z+L._SY879_.jpg,,699,36%,https://www.amazon.in/Allen-Solly-Regular-AMKP317G04249_Jet-Black_X-Large/dp/B06Y2CH63N/ref=sr_1_11?crid=3QUOIS3LZX4ZG&dib=eyJ2IjoiMSJ9.qbrul4DzRIUGDF-cqzjptRyt1dxWjU6nvUzjoBB0UQo5a6D1yKyUl4q2UkIbwG_p9lPmQBchKtNCgmYvYCWxlwZbeNSia_410YXTbySAzoo_LwwZeaU5_a2UpawBiEZyFrqaftgR_MzqbO9g1wgxwGSmCxE1ZChh4HcbsZpSIUaffWVo78egCMTUxslGavxiSdH2rtGCJCvA5Tj8c_0NkY3cew0Se0XPUM2VE0wHEqGf5qVormhdjmhSwGSf66tO_4N4eIJFJ1rEe68TV-S3UQ-vlY4FVg2wW7VIpc1VYHw.0IVv3bHB9gH5S02P6C3S-ry4Uqgsc6MYn4ebllvsz9o&dib_tag=se&keywords=us+polo+t+shirts+for+men&qid=1713619355&sprefix=%2Caps%2C176&sr=8-15
10,CVC Shining Shirt | Formal Shirt | Clubwear Shirt,CVC,Black/White/Red/Pink,S,Formal/Clubwear/Partywear,men,Silk,https://m.media-amazon.com/images/I/61kxSJN0F6L._SX679_.jpg,,599,80%,https://m.media-amazon.com/images/I/61kxSJN0F6L._SX679_.jpg
10,CVC Shining Shirt | Formal Shirt | Clubwear Shirt,CVC,Black/White/Red/Pink,M,Formal/Clubwear/Partywear,men,Silk,https://m.media-amazon.com/images/I/61kxSJN0F6L._SX679_.jpg,,599,80%,https://m.media-amazon.com/images/I/61kxSJN0F6L._SX679_.jpg
10,CVC Shining Shirt | Formal Shirt | Clubwear Shirt,CVC,Black/White/Red/Pink,L,Formal/Clubwear/Partywear,men,Silk,https://m.media-amazon.com/images/I/61kxSJN0F6L._SX679_.jpg,,599,80%,https://m.media-amazon.com/images/I/61kxSJN0F6L._SX679_.jpg
10,CVC Shining Shirt | Formal Shirt | Clubwear Shirt,CVC,Black/White/Red/Pink,XL,Formal/Clubwear/Partywear,men,Silk,https://m.media-amazon.com/images/I/61kxSJN0F6L._SX679_.jpg,,599,80%,https://m.media-amazon.com/images/I/61kxSJN0F6L._SX679_.jpg
10,CVC Shining Shirt | Formal Shirt | Clubwear Shirt,CVC,Black/White/Red/Pink,2XL,Formal/Clubwear/Partywear,men,Silk,https://m.media-amazon.com/images/I/61kxSJN0F6L._SX679_.jpg,,599,80%,https://m.media-amazon.com/images/I/61kxSJN0F6L._SX679_.jpg
11,Arrow Men's Solid White Full Sleeve Slim Fit Cotton Formal Shirt,Arrow,White,S,Formal,men,Cotton,https://m.media-amazon.com/images/I/712CQewF59L._SX569_.jpg,,"1,139",43%,https://www.amazon.in/Arrow-Solid-Shirt-Formal-ShirtG25_White/dp/B0C1SRQ3W1/ref=sr_1_7?crid=2M8632X47US1B&dib=eyJ2IjoiMSJ9.oawhfv4RGrP7PjQkdWswJZPX7ZKTtfit25ps3KTGwSA6eTBcEyUx1dFj_qwzJYoXEv-BHKjXey-x7SHO4gX_9DkMNL4Cp9zePwC04mV8AqujFYsLZoIeLaV4O_rjzozIR9ooEjeAbhLPqsACW5PY-u1AD7S7VhwPvZXUvkdcsKqVnVrpL-uJK8OGCtA6azMSWxxtdHnrq2ta8Cqb1yzqZ380Nyw5kZx61hDRaSy9CmFffIH4wBvxsr-J2Ei2vpafuMmqjUW29yZP-D29MPnHs_kIaK5woHD_RQ1-55cQNkM.JekS-XvtaANjgngAthHtLIFP324aYVdtje953x9WSg4&dib_tag=se&keywords=formal+shirts+for+men&qid=1713619826&s=apparel&sprefix=formal%2Capparel%2C209&sr=1-7
11,Arrow Men's Solid White Full Sleeve Slim Fit Cotton Formal Shirt,Arrow,White,M,Formal,men,Cotton,https://m.media-amazon.com/images/I/712CQewF59L._SX569_.jpg,,"1,139",43%,https://www.amazon.in/Arrow-Solid-Shirt-Formal-ShirtG25_White/dp/B0C1SRQ3W1/ref=sr_1_7?crid=2M8632X47US1B&dib=eyJ2IjoiMSJ9.oawhfv4RGrP7PjQkdWswJZPX7ZKTtfit25ps3KTGwSA6eTBcEyUx1dFj_qwzJYoXEv-BHKjXey-x7SHO4gX_9DkMNL4Cp9zePwC04mV8AqujFYsLZoIeLaV4O_rjzozIR9ooEjeAbhLPqsACW5PY-u1AD7S7VhwPvZXUvkdcsKqVnVrpL-uJK8OGCtA6azMSWxxtdHnrq2ta8Cqb1yzqZ380Nyw5kZx61hDRaSy9CmFffIH4wBvxsr-J2Ei2vpafuMmqjUW29yZP-D29MPnHs_kIaK5woHD_RQ1-55cQNkM.JekS-XvtaANjgngAthHtLIFP324aYVdtje953x9WSg4&dib_tag=se&keywords=formal+shirts+for+men&qid=1713619826&s=apparel&sprefix=formal%2Capparel%2C209&sr=1-8
11,Arrow Men's Solid White Full Sleeve Slim Fit Cotton Formal Shirt,Arrow,White,L,Formal,men,Cotton,https://m.media-amazon.com/images/I/712CQewF59L._SX569_.jpg,,"1,139",43%,https://www.amazon.in/Arrow-Solid-Shirt-Formal-ShirtG25_White/dp/B0C1SRQ3W1/ref=sr_1_7?crid=2M8632X47US1B&dib=eyJ2IjoiMSJ9.oawhfv4RGrP7PjQkdWswJZPX7ZKTtfit25ps3KTGwSA6eTBcEyUx1dFj_qwzJYoXEv-BHKjXey-x7SHO4gX_9DkMNL4Cp9zePwC04mV8AqujFYsLZoIeLaV4O_rjzozIR9ooEjeAbhLPqsACW5PY-u1AD7S7VhwPvZXUvkdcsKqVnVrpL-uJK8OGCtA6azMSWxxtdHnrq2ta8Cqb1yzqZ380Nyw5kZx61hDRaSy9CmFffIH4wBvxsr-J2Ei2vpafuMmqjUW29yZP-D29MPnHs_kIaK5woHD_RQ1-55cQNkM.JekS-XvtaANjgngAthHtLIFP324aYVdtje953x9WSg4&dib_tag=se&keywords=formal+shirts+for+men&qid=1713619826&s=apparel&sprefix=formal%2Capparel%2C209&sr=1-9
11,Arrow Men's Solid White Full Sleeve Slim Fit Cotton Formal Shirt,Arrow,White,XL,Formal,men,Cotton,https://m.media-amazon.com/images/I/712CQewF59L._SX569_.jpg,,"1,139",43%,https://www.amazon.in/Arrow-Solid-Shirt-Formal-ShirtG25_White/dp/B0C1SRQ3W1/ref=sr_1_7?crid=2M8632X47US1B&dib=eyJ2IjoiMSJ9.oawhfv4RGrP7PjQkdWswJZPX7ZKTtfit25ps3KTGwSA6eTBcEyUx1dFj_qwzJYoXEv-BHKjXey-x7SHO4gX_9DkMNL4Cp9zePwC04mV8AqujFYsLZoIeLaV4O_rjzozIR9ooEjeAbhLPqsACW5PY-u1AD7S7VhwPvZXUvkdcsKqVnVrpL-uJK8OGCtA6azMSWxxtdHnrq2ta8Cqb1yzqZ380Nyw5kZx61hDRaSy9CmFffIH4wBvxsr-J2Ei2vpafuMmqjUW29yZP-D29MPnHs_kIaK5woHD_RQ1-55cQNkM.JekS-XvtaANjgngAthHtLIFP324aYVdtje953x9WSg4&dib_tag=se&keywords=formal+shirts+for+men&qid=1713619826&s=apparel&sprefix=formal%2Capparel%2C209&sr=1-10
11,Arrow Men's Solid White Full Sleeve Slim Fit Cotton Formal Shirt,Arrow,White,2XL,Formal,men,Cotton,https://m.media-amazon.com/images/I/712CQewF59L._SX569_.jpg,,"1,139",43%,https://www.amazon.in/Arrow-Solid-Shirt-Formal-ShirtG25_White/dp/B0C1SRQ3W1/ref=sr_1_7?crid=2M8632X47US1B&dib=eyJ2IjoiMSJ9.oawhfv4RGrP7PjQkdWswJZPX7ZKTtfit25ps3KTGwSA6eTBcEyUx1dFj_qwzJYoXEv-BHKjXey-x7SHO4gX_9DkMNL4Cp9zePwC04mV8AqujFYsLZoIeLaV4O_rjzozIR9ooEjeAbhLPqsACW5PY-u1AD7S7VhwPvZXUvkdcsKqVnVrpL-uJK8OGCtA6azMSWxxtdHnrq2ta8Cqb1yzqZ380Nyw5kZx61hDRaSy9CmFffIH4wBvxsr-J2Ei2vpafuMmqjUW29yZP-D29MPnHs_kIaK5woHD_RQ1-55cQNkM.JekS-XvtaANjgngAthHtLIFP324aYVdtje953x9WSg4&dib_tag=se&keywords=formal+shirts+for+men&qid=1713619826&s=apparel&sprefix=formal%2Capparel%2C209&sr=1-11
12,LEOTUDE Oversized Cottonblend Half Sleeve Back Printed Drop Shoulder Men T-Shirt,Leotude,Black/Blue,S,Funky,men,Cotton Blend,https://m.media-amazon.com/images/I/61Hs6wrN9GL._SY879_.jpg,,289,74%,https://www.amazon.in/LEOTUDE-Oversize-Round-T-Shirt-FS49_Punisher_P_Black_M/dp/B0BVB4J15N/ref=sr_1_15?crid=1HI6MK5BF1PPA&dib=eyJ2IjoiMSJ9.DokOF8qJTslPYnUqVFhJ8MkkADu-SYMe4HIFBzhc060MdAlLY-pRlIdOGXO2oYFOio-yQqQ_PN3ebD4tYgDnEA6hFVcDaDkqsIP6awAMWX0yiemqINt1OULk8ASHcjK3epqA9s0MRQB8eVnTBWRrB1Com84umJZZ_clFILdSfnGu72tDDiUr6bjBYcGBUjnCRNq8rTW7LRWXiBkUUnT7QtG3JOlORh_0KBeMxmtLaAYxAxc-XgwDx4Bk7OAO0Y9ABgTeaC6ekocYRy4DXNEwchK_DGNQQkHrnhW250SOvNc.CZMEJiy6LBWialpROw3An-sdtR95GnwsrYWNW5YvFAQ&dib_tag=se&keywords=funky+t+shirt+for+men&qid=1713619939&s=apparel&sprefix=funk%2Capparel%2C207&sr=1-15
12,LEOTUDE Oversized Cottonblend Half Sleeve Back Printed Drop Shoulder Men T-Shirt,Leotude,Black/Blue,M,Funky,men,Cotton Blend,https://m.media-amazon.com/images/I/61Hs6wrN9GL._SY879_.jpg,,289,74%,https://www.amazon.in/LEOTUDE-Oversize-Round-T-Shirt-FS49_Punisher_P_Black_M/dp/B0BVB4J15N/ref=sr_1_15?crid=1HI6MK5BF1PPA&dib=eyJ2IjoiMSJ9.DokOF8qJTslPYnUqVFhJ8MkkADu-SYMe4HIFBzhc060MdAlLY-pRlIdOGXO2oYFOio-yQqQ_PN3ebD4tYgDnEA6hFVcDaDkqsIP6awAMWX0yiemqINt1OULk8ASHcjK3epqA9s0MRQB8eVnTBWRrB1Com84umJZZ_clFILdSfnGu72tDDiUr6bjBYcGBUjnCRNq8rTW7LRWXiBkUUnT7QtG3JOlORh_0KBeMxmtLaAYxAxc-XgwDx4Bk7OAO0Y9ABgTeaC6ekocYRy4DXNEwchK_DGNQQkHrnhW250SOvNc.CZMEJiy6LBWialpROw3An-sdtR95GnwsrYWNW5YvFAQ&dib_tag=se&keywords=funky+t+shirt+for+men&qid=1713619939&s=apparel&sprefix=funk%2Capparel%2C207&sr=1-16
12,LEOTUDE Oversized Cottonblend Half Sleeve Back Printed Drop Shoulder Men T-Shirt,Leotude,Black/Blue,L,Funky,men,Cotton Blend,https://m.media-amazon.com/images/I/61Hs6wrN9GL._SY879_.jpg,,289,74%,https://www.amazon.in/LEOTUDE-Oversize-Round-T-Shirt-FS49_Punisher_P_Black_M/dp/B0BVB4J15N/ref=sr_1_15?crid=1HI6MK5BF1PPA&dib=eyJ2IjoiMSJ9.DokOF8qJTslPYnUqVFhJ8MkkADu-SYMe4HIFBzhc060MdAlLY-pRlIdOGXO2oYFOio-yQqQ_PN3ebD4tYgDnEA6hFVcDaDkqsIP6awAMWX0yiemqINt1OULk8ASHcjK3epqA9s0MRQB8eVnTBWRrB1Com84umJZZ_clFILdSfnGu72tDDiUr6bjBYcGBUjnCRNq8rTW7LRWXiBkUUnT7QtG3JOlORh_0KBeMxmtLaAYxAxc-XgwDx4Bk7OAO0Y9ABgTeaC6ekocYRy4DXNEwchK_DGNQQkHrnhW250SOvNc.CZMEJiy6LBWialpROw3An-sdtR95GnwsrYWNW5YvFAQ&dib_tag=se&keywords=funky+t+shirt+for+men&qid=1713619939&s=apparel&sprefix=funk%2Capparel%2C207&sr=1-17
12,LEOTUDE Oversized Cottonblend Half Sleeve Back Printed Drop Shoulder Men T-Shirt,Leotude,Black/Blue,XL,Funky,men,Cotton Blend,https://m.media-amazon.com/images/I/61Hs6wrN9GL._SY879_.jpg,,289,74%,https://www.amazon.in/LEOTUDE-Oversize-Round-T-Shirt-FS49_Punisher_P_Black_M/dp/B0BVB4J15N/ref=sr_1_15?crid=1HI6MK5BF1PPA&dib=eyJ2IjoiMSJ9.DokOF8qJTslPYnUqVFhJ8MkkADu-SYMe4HIFBzhc060MdAlLY-pRlIdOGXO2oYFOio-yQqQ_PN3ebD4tYgDnEA6hFVcDaDkqsIP6awAMWX0yiemqINt1OULk8ASHcjK3epqA9s0MRQB8eVnTBWRrB1Com84umJZZ_clFILdSfnGu72tDDiUr6bjBYcGBUjnCRNq8rTW7LRWXiBkUUnT7QtG3JOlORh_0KBeMxmtLaAYxAxc-XgwDx4Bk7OAO0Y9ABgTeaC6ekocYRy4DXNEwchK_DGNQQkHrnhW250SOvNc.CZMEJiy6LBWialpROw3An-sdtR95GnwsrYWNW5YvFAQ&dib_tag=se&keywords=funky+t+shirt+for+men&qid=1713619939&s=apparel&sprefix=funk%2Capparel%2C207&sr=1-18
12,LEOTUDE Oversized Cottonblend Half Sleeve Back Printed Drop Shoulder Men T-Shirt,Leotude,Black/Blue,2XL,Funky,men,Cotton Blend,https://m.media-amazon.com/images/I/61Hs6wrN9GL._SY879_.jpg,,289,74%,https://www.amazon.in/LEOTUDE-Oversize-Round-T-Shirt-FS49_Punisher_P_Black_M/dp/B0BVB4J15N/ref=sr_1_15?crid=1HI6MK5BF1PPA&dib=eyJ2IjoiMSJ9.DokOF8qJTslPYnUqVFhJ8MkkADu-SYMe4HIFBzhc060MdAlLY-pRlIdOGXO2oYFOio-yQqQ_PN3ebD4tYgDnEA6hFVcDaDkqsIP6awAMWX0yiemqINt1OULk8ASHcjK3epqA9s0MRQB8eVnTBWRrB1Com84umJZZ_clFILdSfnGu72tDDiUr6bjBYcGBUjnCRNq8rTW7LRWXiBkUUnT7QtG3JOlORh_0KBeMxmtLaAYxAxc-XgwDx4Bk7OAO0Y9ABgTeaC6ekocYRy4DXNEwchK_DGNQQkHrnhW250SOvNc.CZMEJiy6LBWialpROw3An-sdtR95GnwsrYWNW5YvFAQ&dib_tag=se&keywords=funky+t+shirt+for+men&qid=1713619939&s=apparel&sprefix=funk%2Capparel%2C207&sr=1-19
12,LEOTUDE Oversized Cottonblend Half Sleeve Back Printed Drop Shoulder Men T-Shirt,Leotude,Black/Blue,3XL,Funky,men,Cotton Blend,https://m.media-amazon.com/images/I/61Hs6wrN9GL._SY879_.jpg,,289,74%,https://www.amazon.in/LEOTUDE-Oversize-Round-T-Shirt-FS49_Punisher_P_Black_M/dp/B0BVB4J15N/ref=sr_1_15?crid=1HI6MK5BF1PPA&dib=eyJ2IjoiMSJ9.DokOF8qJTslPYnUqVFhJ8MkkADu-SYMe4HIFBzhc060MdAlLY-pRlIdOGXO2oYFOio-yQqQ_PN3ebD4tYgDnEA6hFVcDaDkqsIP6awAMWX0yiemqINt1OULk8ASHcjK3epqA9s0MRQB8eVnTBWRrB1Com84umJZZ_clFILdSfnGu72tDDiUr6bjBYcGBUjnCRNq8rTW7LRWXiBkUUnT7QtG3JOlORh_0KBeMxmtLaAYxAxc-XgwDx4Bk7OAO0Y9ABgTeaC6ekocYRy4DXNEwchK_DGNQQkHrnhW250SOvNc.CZMEJiy6LBWialpROw3An-sdtR95GnwsrYWNW5YvFAQ&dib_tag=se&keywords=funky+t+shirt+for+men&qid=1713619939&s=apparel&sprefix=funk%2Capparel%2C207&sr=1-20
13,THE DRY STATE Womens Half Slevees Round Neck Oversize Fit Cotton Tshirt,The Dry State,White,S,Funky,women,Cotton Blend,https://m.media-amazon.com/images/I/51XeD6LnxhL.jpg,,449,68%,https://www.amazon.in/DRY-STATE-Womens-Graphic-Oversize/dp/B09TNXCHF9/ref=sr_1_2?crid=2VFM32TI99ODL&dib=eyJ2IjoiMSJ9.xnc12d_rYXBTOt_nLlNVqVyxUvak9ItTz9cRzwuAHZink6CYlSH8mfPs43stgdGkzO5uhGnJGQgkmkPTfTjMjBt2CDGkJeXeqSyMmISjuQ0yFgddXnVm_TK-MrVirkLRsG6pM42yCB01Q_1M4MKolP7oZeyjsV8XTEWpCEJdjAehcg-L_GkK9ZkdH_rzkcmhiMj6Zy_-1XVpRah6nq8Amt3hwyYJNv5W9Jm5k2T2w-FkRWRIqv0SSuwq_u0WPufYUyYkti9gCjlHvyFy7bkTsQKESmVYKl3-5zwjkszCCWY.wmMV03E2kZ1qIOjyYLaemGx7mleZQ19wgvAG75adymE&dib_tag=se&keywords=funky+t+shirt+for+women&qid=1713620124&s=apparel&sprefix=funky+t+shirt+for+women%2Capparel%2C193&sr=1-2
13,THE DRY STATE Womens Half Slevees Round Neck Oversize Fit Cotton Tshirt,The Dry State,White,M,Funky,women,Cotton Blend,https://m.media-amazon.com/images/I/51XeD6LnxhL.jpg,,449,68%,https://www.amazon.in/DRY-STATE-Womens-Graphic-Oversize/dp/B09TNXCHF9/ref=sr_1_2?crid=2VFM32TI99ODL&dib=eyJ2IjoiMSJ9.xnc12d_rYXBTOt_nLlNVqVyxUvak9ItTz9cRzwuAHZink6CYlSH8mfPs43stgdGkzO5uhGnJGQgkmkPTfTjMjBt2CDGkJeXeqSyMmISjuQ0yFgddXnVm_TK-MrVirkLRsG6pM42yCB01Q_1M4MKolP7oZeyjsV8XTEWpCEJdjAehcg-L_GkK9ZkdH_rzkcmhiMj6Zy_-1XVpRah6nq8Amt3hwyYJNv5W9Jm5k2T2w-FkRWRIqv0SSuwq_u0WPufYUyYkti9gCjlHvyFy7bkTsQKESmVYKl3-5zwjkszCCWY.wmMV03E2kZ1qIOjyYLaemGx7mleZQ19wgvAG75adymE&dib_tag=se&keywords=funky+t+shirt+for+women&qid=1713620124&s=apparel&sprefix=funky+t+shirt+for+women%2Capparel%2C193&sr=1-3
13,THE DRY STATE Womens Half Slevees Round Neck Oversize Fit Cotton Tshirt,The Dry State,White,L,Funky,women,Cotton Blend,https://m.media-amazon.com/images/I/51XeD6LnxhL.jpg,,449,68%,https://www.amazon.in/DRY-STATE-Womens-Graphic-Oversize/dp/B09TNXCHF9/ref=sr_1_2?crid=2VFM32TI99ODL&dib=eyJ2IjoiMSJ9.xnc12d_rYXBTOt_nLlNVqVyxUvak9ItTz9cRzwuAHZink6CYlSH8mfPs43stgdGkzO5uhGnJGQgkmkPTfTjMjBt2CDGkJeXeqSyMmISjuQ0yFgddXnVm_TK-MrVirkLRsG6pM42yCB01Q_1M4MKolP7oZeyjsV8XTEWpCEJdjAehcg-L_GkK9ZkdH_rzkcmhiMj6Zy_-1XVpRah6nq8Amt3hwyYJNv5W9Jm5k2T2w-FkRWRIqv0SSuwq_u0WPufYUyYkti9gCjlHvyFy7bkTsQKESmVYKl3-5zwjkszCCWY.wmMV03E2kZ1qIOjyYLaemGx7mleZQ19wgvAG75adymE&dib_tag=se&keywords=funky+t+shirt+for+women&qid=1713620124&s=apparel&sprefix=funky+t+shirt+for+women%2Capparel%2C193&sr=1-4
13,THE DRY STATE Womens Half Slevees Round Neck Oversize Fit Cotton Tshirt,The Dry State,White,XL,Funky,women,Cotton Blend,https://m.media-amazon.com/images/I/51XeD6LnxhL.jpg,,449,68%,https://www.amazon.in/DRY-STATE-Womens-Graphic-Oversize/dp/B09TNXCHF9/ref=sr_1_2?crid=2VFM32TI99ODL&dib=eyJ2IjoiMSJ9.xnc12d_rYXBTOt_nLlNVqVyxUvak9ItTz9cRzwuAHZink6CYlSH8mfPs43stgdGkzO5uhGnJGQgkmkPTfTjMjBt2CDGkJeXeqSyMmISjuQ0yFgddXnVm_TK-MrVirkLRsG6pM42yCB01Q_1M4MKolP7oZeyjsV8XTEWpCEJdjAehcg-L_GkK9ZkdH_rzkcmhiMj6Zy_-1XVpRah6nq8Amt3hwyYJNv5W9Jm5k2T2w-FkRWRIqv0SSuwq_u0WPufYUyYkti9gCjlHvyFy7bkTsQKESmVYKl3-5zwjkszCCWY.wmMV03E2kZ1qIOjyYLaemGx7mleZQ19wgvAG75adymE&dib_tag=se&keywords=funky+t+shirt+for+women&qid=1713620124&s=apparel&sprefix=funky+t+shirt+for+women%2Capparel%2C193&sr=1-5
13,THE DRY STATE Womens Half Slevees Round Neck Oversize Fit Cotton Tshirt,The Dry State,White,2XL,Funky,women,Cotton Blend,https://m.media-amazon.com/images/I/51XeD6LnxhL.jpg,,449,68%,https://www.amazon.in/DRY-STATE-Womens-Graphic-Oversize/dp/B09TNXCHF9/ref=sr_1_2?crid=2VFM32TI99ODL&dib=eyJ2IjoiMSJ9.xnc12d_rYXBTOt_nLlNVqVyxUvak9ItTz9cRzwuAHZink6CYlSH8mfPs43stgdGkzO5uhGnJGQgkmkPTfTjMjBt2CDGkJeXeqSyMmISjuQ0yFgddXnVm_TK-MrVirkLRsG6pM42yCB01Q_1M4MKolP7oZeyjsV8XTEWpCEJdjAehcg-L_GkK9ZkdH_rzkcmhiMj6Zy_-1XVpRah6nq8Amt3hwyYJNv5W9Jm5k2T2w-FkRWRIqv0SSuwq_u0WPufYUyYkti9gCjlHvyFy7bkTsQKESmVYKl3-5zwjkszCCWY.wmMV03E2kZ1qIOjyYLaemGx7mleZQ19wgvAG75adymE&dib_tag=se&keywords=funky+t+shirt+for+women&qid=1713620124&s=apparel&sprefix=funky+t+shirt+for+women%2Capparel%2C193&sr=1-6
14,"BLUM Denim Women's Formal Shirt: Shirt Collar, 3/4th Sleeves, in Black Inbox Fabric",Blum,Blue/White,L,Formal,women,Cotton,https://m.media-amazon.com/images/I/519+BVjlD0L._SX679_.jpg,,649,48%,https://www.amazon.in/BLUM-Denim-Womens-Formal-Shirt/dp/B0CQHBN7BJ/ref=sr_1_2_sspa?crid=3FJLKSGL5CEL1&dib=eyJ2IjoiMSJ9.5nPE6Dl2JoeUepyAMYKi-U3Xs0auzxMnNuxlfr0zsczo2CTG5NTt_0cvB6xFKN5OGFxtdS9thR9dW3bcuC5hNlrzr_ef2DBRJBvcLq8yYDd5qkSL_gREIP2RgwFBvE34whVya6gEz9uXYcrQ50Jpe-ffFOOSVkVTfdS_sP3gAF1nokuDFNYrVwUqNt66DtCUZh5wyw9-q6ImjZGSROCaneLq6h_7ByUbdiTmDR-4BRqx0vspoaRJOB-iZgJfWd_3VTYx-kXhvZu8rKY5w3soMEzew67J3Og9cSRhUwUVk1M.PiPrq7TvlD3MJ9lI-S5KgfQEFAbB_rZJYc5PwCnCQD4&dib_tag=se&keywords=women+formal+tops&qid=1713621945&s=apparel&sprefix=women+formal+%2Capparel%2C222&sr=1-2-spons&sp_csd=d2lkZ2V0TmFtZT1zcF9hdGY&psc=1&smid=A1SP3HCVID22Z2
14,"BLUM Denim Women's Formal Shirt: Shirt Collar, 3/4th Sleeves, in Black Inbox Fabric",Blum,Blue/White,XL,Formal,women,Cotton,https://m.media-amazon.com/images/I/519+BVjlD0L._SX679_.jpg,,649,48%,https://www.amazon.in/BLUM-Denim-Womens-Formal-Shirt/dp/B0CQHBN7BJ/ref=sr_1_2_sspa?crid=3FJLKSGL5CEL1&dib=eyJ2IjoiMSJ9.5nPE6Dl2JoeUepyAMYKi-U3Xs0auzxMnNuxlfr0zsczo2CTG5NTt_0cvB6xFKN5OGFxtdS9thR9dW3bcuC5hNlrzr_ef2DBRJBvcLq8yYDd5qkSL_gREIP2RgwFBvE34whVya6gEz9uXYcrQ50Jpe-ffFOOSVkVTfdS_sP3gAF1nokuDFNYrVwUqNt66DtCUZh5wyw9-q6ImjZGSROCaneLq6h_7ByUbdiTmDR-4BRqx0vspoaRJOB-iZgJfWd_3VTYx-kXhvZu8rKY5w3soMEzew67J3Og9cSRhUwUVk1M.PiPrq7TvlD3MJ9lI-S5KgfQEFAbB_rZJYc5PwCnCQD4&dib_tag=se&keywords=women+formal+tops&qid=1713621945&s=apparel&sprefix=women+formal+%2Capparel%2C222&sr=1-2-spons&sp_csd=d2lkZ2V0TmFtZT1zcF9hdGY&psc=1&smid=A1SP3HCVID22Z3
14,"BLUM Denim Women's Formal Shirt: Shirt Collar, 3/4th Sleeves, in Black Inbox Fabric",Blum,Blue/White,2XL,Formal,women,Cotton,https://m.media-amazon.com/images/I/519+BVjlD0L._SX679_.jpg,,649,48%,https://www.amazon.in/BLUM-Denim-Womens-Formal-Shirt/dp/B0CQHBN7BJ/ref=sr_1_2_sspa?crid=3FJLKSGL5CEL1&dib=eyJ2IjoiMSJ9.5nPE6Dl2JoeUepyAMYKi-U3Xs0auzxMnNuxlfr0zsczo2CTG5NTt_0cvB6xFKN5OGFxtdS9thR9dW3bcuC5hNlrzr_ef2DBRJBvcLq8yYDd5qkSL_gREIP2RgwFBvE34whVya6gEz9uXYcrQ50Jpe-ffFOOSVkVTfdS_sP3gAF1nokuDFNYrVwUqNt66DtCUZh5wyw9-q6ImjZGSROCaneLq6h_7ByUbdiTmDR-4BRqx0vspoaRJOB-iZgJfWd_3VTYx-kXhvZu8rKY5w3soMEzew67J3Og9cSRhUwUVk1M.PiPrq7TvlD3MJ9lI-S5KgfQEFAbB_rZJYc5PwCnCQD4&dib_tag=se&keywords=women+formal+tops&qid=1713621945&s=apparel&sprefix=women+formal+%2Capparel%2C222&sr=1-2-spons&sp_csd=d2lkZ2V0TmFtZT1zcF9hdGY&psc=1&smid=A1SP3HCVID22Z4
14,"BLUM Denim Women's Formal Shirt: Shirt Collar, 3/4th Sleeves, in Black Inbox Fabric",Blum,Blue/White,3XL,Formal,women,Cotton,https://m.media-amazon.com/images/I/519+BVjlD0L._SX679_.jpg,,649,48%,https://www.amazon.in/BLUM-Denim-Womens-Formal-Shirt/dp/B0CQHBN7BJ/ref=sr_1_2_sspa?crid=3FJLKSGL5CEL1&dib=eyJ2IjoiMSJ9.5nPE6Dl2JoeUepyAMYKi-U3Xs0auzxMnNuxlfr0zsczo2CTG5NTt_0cvB6xFKN5OGFxtdS9thR9dW3bcuC5hNlrzr_ef2DBRJBvcLq8yYDd5qkSL_gREIP2RgwFBvE34whVya6gEz9uXYcrQ50Jpe-ffFOOSVkVTfdS_sP3gAF1nokuDFNYrVwUqNt66DtCUZh5wyw9-q6ImjZGSROCaneLq6h_7ByUbdiTmDR-4BRqx0vspoaRJOB-iZgJfWd_3VTYx-kXhvZu8rKY5w3soMEzew67J3Og9cSRhUwUVk1M.PiPrq7TvlD3MJ9lI-S5KgfQEFAbB_rZJYc5PwCnCQD4&dib_tag=se&keywords=women+formal+tops&qid=1713621945&s=apparel&sprefix=women+formal+%2Capparel%2C222&sr=1-2-spons&sp_csd=d2lkZ2V0TmFtZT1zcF9hdGY&psc=1&smid=A1SP3HCVID22Z5
15,Van Heusen Acrylic Blend Men V-Neck Sweater,Van Heusen,Grey/Black/Navy,S,Sweater,men,Acrylic Blend,https://m.media-amazon.com/images/I/71c41AQZOEL._SY741_.jpg,,1799,0%,https://www.amazon.in/Van-Heusen-Athleisure-Sweater-Soft_72003_Grey/dp/B0BX95WZF8/ref=sr_1_13?crid=3LXLH6HBYF6JI&dib=eyJ2IjoiMSJ9.jr7dNNCUXGOIBy_Gncr-62W6RSZOq3J3AqbbghEY4ivsYOnyUSXB8pH4jykJ-A-iZIO09WHCSJD0wmabSZjIj0wqP0U-3KGQC65x_N-LY6XOtl9Vhsq6ChxFXMZ0hts06H6o_pl95p9g9JT-ySbdAYL3uku_w8tqItMz0JGUYg2nv7TlF77gJ7gTFveS7hy14TFfv558lDhscC067vMBZB4p2GUCdzjpAzM2TumjtKxgqF7otTJEcfNEzsTzuHXCrqvYaPfxIdp6VtybQT4P8mzsKa2iQp2aLsirtVPFLSU.uV_eTjxZsrzC1aP4Gz7FfGf_sn25vXgQ5vk1P4iW1OI&dib_tag=se&keywords=men+sweater+for+winter&qid=1713622270&s=apparel&sprefix=men+swea%2Capparel%2C209&sr=1-13
15,Van Heusen Acrylic Blend Men V-Neck Sweater,Van Heusen,Grey/Black/Navy,M,Sweater,men,Acrylic Blend,https://m.media-amazon.com/images/I/71c41AQZOEL._SY741_.jpg,,1799,0%,https://www.amazon.in/Van-Heusen-Athleisure-Sweater-Soft_72003_Grey/dp/B0BX95WZF8/ref=sr_1_13?crid=3LXLH6HBYF6JI&dib=eyJ2IjoiMSJ9.jr7dNNCUXGOIBy_Gncr-62W6RSZOq3J3AqbbghEY4ivsYOnyUSXB8pH4jykJ-A-iZIO09WHCSJD0wmabSZjIj0wqP0U-3KGQC65x_N-LY6XOtl9Vhsq6ChxFXMZ0hts06H6o_pl95p9g9JT-ySbdAYL3uku_w8tqItMz0JGUYg2nv7TlF77gJ7gTFveS7hy14TFfv558lDhscC067vMBZB4p2GUCdzjpAzM2TumjtKxgqF7otTJEcfNEzsTzuHXCrqvYaPfxIdp6VtybQT4P8mzsKa2iQp2aLsirtVPFLSU.uV_eTjxZsrzC1aP4Gz7FfGf_sn25vXgQ5vk1P4iW1OI&dib_tag=se&keywords=men+sweater+for+winter&qid=1713622270&s=apparel&sprefix=men+swea%2Capparel%2C209&sr=1-14
15,Van Heusen Acrylic Blend Men V-Neck Sweater,Van Heusen,Grey/Black/Navy,L,Sweater,men,Acrylic Blend,https://m.media-amazon.com/images/I/71c41AQZOEL._SY741_.jpg,,1799,0%,https://www.amazon.in/Van-Heusen-Athleisure-Sweater-Soft_72003_Grey/dp/B0BX95WZF8/ref=sr_1_13?crid=3LXLH6HBYF6JI&dib=eyJ2IjoiMSJ9.jr7dNNCUXGOIBy_Gncr-62W6RSZOq3J3AqbbghEY4ivsYOnyUSXB8pH4jykJ-A-iZIO09WHCSJD0wmabSZjIj0wqP0U-3KGQC65x_N-LY6XOtl9Vhsq6ChxFXMZ0hts06H6o_pl95p9g9JT-ySbdAYL3uku_w8tqItMz0JGUYg2nv7TlF77gJ7gTFveS7hy14TFfv558lDhscC067vMBZB4p2GUCdzjpAzM2TumjtKxgqF7otTJEcfNEzsTzuHXCrqvYaPfxIdp6VtybQT4P8mzsKa2iQp2aLsirtVPFLSU.uV_eTjxZsrzC1aP4Gz7FfGf_sn25vXgQ5vk1P4iW1OI&dib_tag=se&keywords=men+sweater+for+winter&qid=1713622270&s=apparel&sprefix=men+swea%2Capparel%2C209&sr=1-15
15,Van Heusen Acrylic Blend Men V-Neck Sweater,Van Heusen,Grey/Black/Navy,XL,Sweater,men,Acrylic Blend,https://m.media-amazon.com/images/I/71c41AQZOEL._SY741_.jpg,,1799,0%,https://www.amazon.in/Van-Heusen-Athleisure-Sweater-Soft_72003_Grey/dp/B0BX95WZF8/ref=sr_1_13?crid=3LXLH6HBYF6JI&dib=eyJ2IjoiMSJ9.jr7dNNCUXGOIBy_Gncr-62W6RSZOq3J3AqbbghEY4ivsYOnyUSXB8pH4jykJ-A-iZIO09WHCSJD0wmabSZjIj0wqP0U-3KGQC65x_N-LY6XOtl9Vhsq6ChxFXMZ0hts06H6o_pl95p9g9JT-ySbdAYL3uku_w8tqItMz0JGUYg2nv7TlF77gJ7gTFveS7hy14TFfv558lDhscC067vMBZB4p2GUCdzjpAzM2TumjtKxgqF7otTJEcfNEzsTzuHXCrqvYaPfxIdp6VtybQT4P8mzsKa2iQp2aLsirtVPFLSU.uV_eTjxZsrzC1aP4Gz7FfGf_sn25vXgQ5vk1P4iW1OI&dib_tag=se&keywords=men+sweater+for+winter&qid=1713622270&s=apparel&sprefix=men+swea%2Capparel%2C209&sr=1-16
,,,,,,,,,,,,
,,,,,,,,,,,,
,,,,,,,,,,,,
,,,,,,,,,,,,
,,,,,,,,,,,,
,,,,,,,,,,,,
,,,,,,,,,,,,
,,,,,,,,,,,,
,,,,,,,,,,,,
,,,,,,,,,,,,
,,,,,,,,,,,,
,,,,,,,,,,,,
,,,,,,,,,,,,
,,,,,,,,,,,,
,,,,,,,,,,,,
,,,,,,,,,,,,
,,,,,,,,,,,,
,,,,,,,,,,,,
,,,,,,,,,,,,
,,,,,,,,,,,,
,Spykar Mid Rise Tapered Fit Blue Jeans for Men,Spykar,Blue,S,casual,Men,Cotton,https://m.media-amazon.com/images/I/61RyTWSR2KL._SX679_.jpg,,"3,499",0%,https://www.amazon.in/Spykar-Tapered-Blue-Jeans-MDKN1BD022_Indigo/dp/B0CSWLC6J1/ref=sr_1_17?crid=Q5FANT9L2FSL&dib=eyJ2IjoiMSJ9.e2b7sec6jyFBNJ8qdxVpJHLOoOalUTZHXDvH03z7ULGd-RzOYYl9MNVfR_2eIimVXKmsEo0mYqGMtsyPhw6DJUDTgM8OnfIawmM53wdWSapL4pT80FJptCy3yccIKIlQnueb9NM6Eh8xK2Es2cVJ3VuhUrqlH7m0FDaPT0UY5UucOnRxiKmJCQ_67v3uphlGIi0oA2uRqqkkiBO41Ieouplg-fF6qZyIuscp3OeOBBr_R-FZAz3MEKQdEqp1qHnTrLdTeqCTH6352tnx2CClnIvN3N6qQkmRlZlih0LYM1I.x56bL-KHAmZqya7f0fU1seyhEJrChgjp3LrWwzgvNgY&dib_tag=se&keywords=spykar+jeans+for+men&qid=1713618744&s=apparel&sprefix=Sypkar%2Capparel%2C222&sr=1-17
,Spykar Mid Rise Tapered Fit Blue Jeans for Men,Spykar,Blue,M,casual,Men,Cotton,https://m.media-amazon.com/images/I/61RyTWSR2KL._SX679_.jpg,,"3,499",0%,https://www.amazon.in/Spykar-Tapered-Blue-Jeans-MDKN1BD022_Indigo/dp/B0CSWLC6J1/ref=sr_1_17?crid=Q5FANT9L2FSL&dib=eyJ2IjoiMSJ9.e2b7sec6jyFBNJ8qdxVpJHLOoOalUTZHXDvH03z7ULGd-RzOYYl9MNVfR_2eIimVXKmsEo0mYqGMtsyPhw6DJUDTgM8OnfIawmM53wdWSapL4pT80FJptCy3yccIKIlQnueb9NM6Eh8xK2Es2cVJ3VuhUrqlH7m0FDaPT0UY5UucOnRxiKmJCQ_67v3uphlGIi0oA2uRqqkkiBO41Ieouplg-fF6qZyIuscp3OeOBBr_R-FZAz3MEKQdEqp1qHnTrLdTeqCTH6352tnx2CClnIvN3N6qQkmRlZlih0LYM1I.x56bL-KHAmZqya7f0fU1seyhEJrChgjp3LrWwzgvNgY&dib_tag=se&keywords=spykar+jeans+for+men&qid=1713618744&s=apparel&sprefix=Sypkar%2Capparel%2C222&sr=1-18
,Spykar Mid Rise Tapered Fit Blue Jeans for Men,Spykar,Blue,L,casual,Men,Cotton,https://m.media-amazon.com/images/I/61RyTWSR2KL._SX679_.jpg,,"3,499",0%,https://www.amazon.in/Spykar-Tapered-Blue-Jeans-MDKN1BD022_Indigo/dp/B0CSWLC6J1/ref=sr_1_17?crid=Q5FANT9L2FSL&dib=eyJ2IjoiMSJ9.e2b7sec6jyFBNJ8qdxVpJHLOoOalUTZHXDvH03z7ULGd-RzOYYl9MNVfR_2eIimVXKmsEo0mYqGMtsyPhw6DJUDTgM8OnfIawmM53wdWSapL4pT80FJptCy3yccIKIlQnueb9NM6Eh8xK2Es2cVJ3VuhUrqlH7m0FDaPT0UY5UucOnRxiKmJCQ_67v3uphlGIi0oA2uRqqkkiBO41Ieouplg-fF6qZyIuscp3OeOBBr_R-FZAz3MEKQdEqp1qHnTrLdTeqCTH6352tnx2CClnIvN3N6qQkmRlZlih0LYM1I.x56bL-KHAmZqya7f0fU1seyhEJrChgjp3LrWwzgvNgY&dib_tag=se&keywords=spykar+jeans+for+men&qid=1713618744&s=apparel&sprefix=Sypkar%2Capparel%2C222&sr=1-19
,Spykar Mid Rise Tapered Fit Blue Jeans for Men,Spykar,Blue,XL,casual,Men,Cotton,https://m.media-amazon.com/images/I/61RyTWSR2KL._SX679_.jpg,,"3,499",0%,https://www.amazon.in/Spykar-Tapered-Blue-Jeans-MDKN1BD022_Indigo/dp/B0CSWLC6J1/ref=sr_1_17?crid=Q5FANT9L2FSL&dib=eyJ2IjoiMSJ9.e2b7sec6jyFBNJ8qdxVpJHLOoOalUTZHXDvH03z7ULGd-RzOYYl9MNVfR_2eIimVXKmsEo0mYqGMtsyPhw6DJUDTgM8OnfIawmM53wdWSapL4pT80FJptCy3yccIKIlQnueb9NM6Eh8xK2Es2cVJ3VuhUrqlH7m0FDaPT0UY5UucOnRxiKmJCQ_67v3uphlGIi0oA2uRqqkkiBO41Ieouplg-fF6qZyIuscp3OeOBBr_R-FZAz3MEKQdEqp1qHnTrLdTeqCTH6352tnx2CClnIvN3N6qQkmRlZlih0LYM1I.x56bL-KHAmZqya7f0fU1seyhEJrChgjp3LrWwzgvNgY&dib_tag=se&keywords=spykar+jeans+for+men&qid=1713618744&s=apparel&sprefix=Sypkar%2Capparel%2C222&sr=1-20
,Spykar Clean Look Lycra Straight Fit Womens Jeans,Spykar,White,S`,casual,Women,Cotton,https://m.media-amazon.com/images/I/51Sesw7jhoL._SY879_.jpg,,"1,039",60%,https://www.amazon.in/Spykar-Womens-Regular-Lycra-EM02BB01White32_White_32/dp/B0BG2ZL5FB/ref=sr_1_15?crid=17ABPBNLA8TI3&dib=eyJ2IjoiMSJ9.QxZlFBz61OV8QTTpqRys4FbUhgkAp43aE1v52fzX2uCb9_GYhfDk4BY2_nX7sDUbu3qk8dgZsBc7QMEhFx0U4AYf3Cd0ja7Qj4VblosFDS4weE19rnpqxft_J6Oca2Wz_WyM8rIiSVPOq9f14b89B5cGX-hfHZjhdfPVHITOG2LGWUrXzfKon4NP9NjOnokWb2Rmq_neeEigBMz6NLeE4SzklsIXm5_k1f7MiJDpwXWLqdSpyJtHzMcKpfrr73IbJ6uCgtGZTx5OCJDVqi1ZWBIsfL_y4fq4n3--JP62Tv4.1GoUh-qtbN9yWlx5IechE_kCa1myIPIEltdho7G32p4&dib_tag=se&keywords=spykar+jeans+for+women&qid=1713619311&s=apparel&sprefix=spykar+jeans+forwomen%2Capparel%2C211&sr=1-15
,Spykar Clean Look Lycra Straight Fit Womens Jeans,Spykar,White,M,casual,Women,Cotton,https://m.media-amazon.com/images/I/51Sesw7jhoL._SY879_.jpg,,"1,039",60%,https://www.amazon.in/Spykar-Womens-Regular-Lycra-EM02BB01White32_White_32/dp/B0BG2ZL5FB/ref=sr_1_15?crid=17ABPBNLA8TI3&dib=eyJ2IjoiMSJ9.QxZlFBz61OV8QTTpqRys4FbUhgkAp43aE1v52fzX2uCb9_GYhfDk4BY2_nX7sDUbu3qk8dgZsBc7QMEhFx0U4AYf3Cd0ja7Qj4VblosFDS4weE19rnpqxft_J6Oca2Wz_WyM8rIiSVPOq9f14b89B5cGX-hfHZjhdfPVHITOG2LGWUrXzfKon4NP9NjOnokWb2Rmq_neeEigBMz6NLeE4SzklsIXm5_k1f7MiJDpwXWLqdSpyJtHzMcKpfrr73IbJ6uCgtGZTx5OCJDVqi1ZWBIsfL_y4fq4n3--JP62Tv4.1GoUh-qtbN9yWlx5IechE_kCa1myIPIEltdho7G32p4&dib_tag=se&keywords=spykar+jeans+for+women&qid=1713619311&s=apparel&sprefix=spykar+jeans+forwomen%2Capparel%2C211&sr=1-16
,Spykar Clean Look Lycra Straight Fit Womens Jeans,Spykar,White,L,casual,Women,Cotton,https://m.media-amazon.com/images/I/51Sesw7jhoL._SY879_.jpg,,"1,039",60%,https://www.amazon.in/Spykar-Womens-Regular-Lycra-EM02BB01White32_White_32/dp/B0BG2ZL5FB/ref=sr_1_15?crid=17ABPBNLA8TI3&dib=eyJ2IjoiMSJ9.QxZlFBz61OV8QTTpqRys4FbUhgkAp43aE1v52fzX2uCb9_GYhfDk4BY2_nX7sDUbu3qk8dgZsBc7QMEhFx0U4AYf3Cd0ja7Qj4VblosFDS4weE19rnpqxft_J6Oca2Wz_WyM8rIiSVPOq9f14b89B5cGX-hfHZjhdfPVHITOG2LGWUrXzfKon4NP9NjOnokWb2Rmq_neeEigBMz6NLeE4SzklsIXm5_k1f7MiJDpwXWLqdSpyJtHzMcKpfrr73IbJ6uCgtGZTx5OCJDVqi1ZWBIsfL_y4fq4n3--JP62Tv4.1GoUh-qtbN9yWlx5IechE_kCa1myIPIEltdho7G32p4&dib_tag=se&keywords=spykar+jeans+for+women&qid=1713619311&s=apparel&sprefix=spykar+jeans+forwomen%2Capparel%2C211&sr=1-17
,Spykar Clean Look Lycra Straight Fit Womens Jeans,Spykar,White,XL,casual,Women,Cotton,https://m.media-amazon.com/images/I/51Sesw7jhoL._SY879_.jpg,,"1,039",60%,https://www.amazon.in/Spykar-Womens-Regular-Lycra-EM02BB01White32_White_32/dp/B0BG2ZL5FB/ref=sr_1_15?crid=17ABPBNLA8TI3&dib=eyJ2IjoiMSJ9.QxZlFBz61OV8QTTpqRys4FbUhgkAp43aE1v52fzX2uCb9_GYhfDk4BY2_nX7sDUbu3qk8dgZsBc7QMEhFx0U4AYf3Cd0ja7Qj4VblosFDS4weE19rnpqxft_J6Oca2Wz_WyM8rIiSVPOq9f14b89B5cGX-hfHZjhdfPVHITOG2LGWUrXzfKon4NP9NjOnokWb2Rmq_neeEigBMz6NLeE4SzklsIXm5_k1f7MiJDpwXWLqdSpyJtHzMcKpfrr73IbJ6uCgtGZTx5OCJDVqi1ZWBIsfL_y4fq4n3--JP62Tv4.1GoUh-qtbN9yWlx5IechE_kCa1myIPIEltdho7G32p4&dib_tag=se&keywords=spykar+jeans+for+women&qid=1713619311&s=apparel&sprefix=spykar+jeans+forwomen%2Capparel%2C211&sr=1-18
,Lymio Men Jeans || Men Jeans Pants || Denim Jeans || Baggy Jeans for Men (Jeans-06-07-08),Lymio,Blue,S,Aesthetic,Men,Jean,https://m.media-amazon.com/images/I/81WzIbilc9L._SY879_.jpg,,749,85%,https://amazon.in/Lymio-Jeans-Pants-Denim-Jeans-06-07-08/dp/B0D16YLQ61/ref=sr_1_5?crid=1PQD2QHQHLSQQ&dib=eyJ2IjoiMSJ9.txj-cQW84e5zEjdWxL_7AX-GdflwdB9I8Uxk9a6_VgULX5VKFKT9ULH8jBWNsCslzWLrjuJvpkqTD4ZFx_Q_jhX57H4lfujdBES9j5FEjq0TyX1oE51n5XKbDsH90j1W-PuoHZX6tb7Y0MRuiQCMyJ8ABxXw1d0IosdzjA3K5kOmvFA9vhRhc_sUKedhJpoo4GlHJOTVYWdUtnd7uze27d59npEy3BcUSPDAv4vGqneFyDCKOVCFFROprhfuGemQgizHcg3FzqN3Q7mHt9El-QgtuvZgHE2tjIXLZAiLfAU.HDLp0uTOrP0Pu_OSuTSKERK7owzyGLx2v4SINdKGl1o&dib_tag=se&keywords=baggy+jeans+for+men&qid=1713619453&s=apparel&sprefix=baggy%2Capparel%2C222&sr=1-5
,Lymio Men Jeans || Men Jeans Pants || Denim Jeans || Baggy Jeans for Men (Jeans-06-07-08),Lymio,Blue,M,Aesthetic,Men,Jean,https://m.media-amazon.com/images/I/81WzIbilc9L._SY879_.jpg,,749,85%,https://amazon.in/Lymio-Jeans-Pants-Denim-Jeans-06-07-08/dp/B0D16YLQ61/ref=sr_1_5?crid=1PQD2QHQHLSQQ&dib=eyJ2IjoiMSJ9.txj-cQW84e5zEjdWxL_7AX-GdflwdB9I8Uxk9a6_VgULX5VKFKT9ULH8jBWNsCslzWLrjuJvpkqTD4ZFx_Q_jhX57H4lfujdBES9j5FEjq0TyX1oE51n5XKbDsH90j1W-PuoHZX6tb7Y0MRuiQCMyJ8ABxXw1d0IosdzjA3K5kOmvFA9vhRhc_sUKedhJpoo4GlHJOTVYWdUtnd7uze27d59npEy3BcUSPDAv4vGqneFyDCKOVCFFROprhfuGemQgizHcg3FzqN3Q7mHt9El-QgtuvZgHE2tjIXLZAiLfAU.HDLp0uTOrP0Pu_OSuTSKERK7owzyGLx2v4SINdKGl1o&dib_tag=se&keywords=baggy+jeans+for+men&qid=1713619453&s=apparel&sprefix=baggy%2Capparel%2C222&sr=1-6
,Lymio Men Jeans || Men Jeans Pants || Denim Jeans || Baggy Jeans for Men (Jeans-06-07-08),Lymio,Blue,L,Aesthetic,Men,Jean,https://m.media-amazon.com/images/I/81WzIbilc9L._SY879_.jpg,,749,85%,https://amazon.in/Lymio-Jeans-Pants-Denim-Jeans-06-07-08/dp/B0D16YLQ61/ref=sr_1_5?crid=1PQD2QHQHLSQQ&dib=eyJ2IjoiMSJ9.txj-cQW84e5zEjdWxL_7AX-GdflwdB9I8Uxk9a6_VgULX5VKFKT9ULH8jBWNsCslzWLrjuJvpkqTD4ZFx_Q_jhX57H4lfujdBES9j5FEjq0TyX1oE51n5XKbDsH90j1W-PuoHZX6tb7Y0MRuiQCMyJ8ABxXw1d0IosdzjA3K5kOmvFA9vhRhc_sUKedhJpoo4GlHJOTVYWdUtnd7uze27d59npEy3BcUSPDAv4vGqneFyDCKOVCFFROprhfuGemQgizHcg3FzqN3Q7mHt9El-QgtuvZgHE2tjIXLZAiLfAU.HDLp0uTOrP0Pu_OSuTSKERK7owzyGLx2v4SINdKGl1o&dib_tag=se&keywords=baggy+jeans+for+men&qid=1713619453&s=apparel&sprefix=baggy%2Capparel%2C222&sr=1-7
,Lymio Men Jeans || Men Jeans Pants || Denim Jeans || Baggy Jeans for Men (Jeans-06-07-08),Lymio,Blue,XL,Aesthetic,Men,Jean,https://m.media-amazon.com/images/I/81WzIbilc9L._SY879_.jpg,,749,85%,https://amazon.in/Lymio-Jeans-Pants-Denim-Jeans-06-07-08/dp/B0D16YLQ61/ref=sr_1_5?crid=1PQD2QHQHLSQQ&dib=eyJ2IjoiMSJ9.txj-cQW84e5zEjdWxL_7AX-GdflwdB9I8Uxk9a6_VgULX5VKFKT9ULH8jBWNsCslzWLrjuJvpkqTD4ZFx_Q_jhX57H4lfujdBES9j5FEjq0TyX1oE51n5XKbDsH90j1W-PuoHZX6tb7Y0MRuiQCMyJ8ABxXw1d0IosdzjA3K5kOmvFA9vhRhc_sUKedhJpoo4GlHJOTVYWdUtnd7uze27d59npEy3BcUSPDAv4vGqneFyDCKOVCFFROprhfuGemQgizHcg3FzqN3Q7mHt9El-QgtuvZgHE2tjIXLZAiLfAU.HDLp0uTOrP0Pu_OSuTSKERK7owzyGLx2v4SINdKGl1o&dib_tag=se&keywords=baggy+jeans+for+men&qid=1713619453&s=apparel&sprefix=baggy%2Capparel%2C222&sr=1-8
,Aahwan Women's & Girls' Solid Ripped Denim High Waist Wide Leg Jeans Pants,Aahwan,Black,S,Aesthetic,Women,Jean,https://m.media-amazon.com/images/I/614I9-+OZfL._SY879_.jpg,,949,81%,https://www.amazon.in/Aahwan-Ripped-LightBlue-Bottom-227-LightBlue-30/dp/B0CG5Q8F1C/ref=sr_1_5?crid=IN6FTBANB4UD&dib=eyJ2IjoiMSJ9.yxWpX5TsoDo8wHviudp6colX1u6lSZ9uZZ9BRwrQT2L-SRadlwH6tGDAxVAzrSo27CCEfIB9U6TP1QaypQ3FKBG5SIx6lDtx4VoXaeraHvaOkCcGphdhHY2Ddn_C67Av4TM62mSBl6xNS0awup0Eg34yXOfN9Pqnu78fu7XXHSPnJMG8XgRpM4H8cQSNObQm_P3OOMdsTrmKOF7gEy6BFgE8TvL1Wjl5gevyiGgF8PCsgpgE9lVw1Doem6XQMDyjn1YF8AvvA7VfENixcPmKJZwz-CrUVSmpzThva-L2iEw.RPVFREWKHsxQbN8RqaATYPIcL4wRo34hnsxfWvClwkc&dib_tag=se&keywords=baggy%2Bjeans%2Bfor%2Bwomen&qid=1713619581&s=apparel&sprefix=baggy%2Bjeans%2Bfor%2Bwomen%2Capparel%2C224&sr=1-5&th=1&psc=1
,Aahwan Women's & Girls' Solid Ripped Denim High Waist Wide Leg Jeans Pants,Aahwan,Black,M,Aesthetic,Women,Jean,https://m.media-amazon.com/images/I/614I9-+OZfL._SY879_.jpg,,949,81%,https://www.amazon.in/Aahwan-Ripped-LightBlue-Bottom-227-LightBlue-30/dp/B0CG5Q8F1C/ref=sr_1_5?crid=IN6FTBANB4UD&dib=eyJ2IjoiMSJ9.yxWpX5TsoDo8wHviudp6colX1u6lSZ9uZZ9BRwrQT2L-SRadlwH6tGDAxVAzrSo27CCEfIB9U6TP1QaypQ3FKBG5SIx6lDtx4VoXaeraHvaOkCcGphdhHY2Ddn_C67Av4TM62mSBl6xNS0awup0Eg34yXOfN9Pqnu78fu7XXHSPnJMG8XgRpM4H8cQSNObQm_P3OOMdsTrmKOF7gEy6BFgE8TvL1Wjl5gevyiGgF8PCsgpgE9lVw1Doem6XQMDyjn1YF8AvvA7VfENixcPmKJZwz-CrUVSmpzThva-L2iEw.RPVFREWKHsxQbN8RqaATYPIcL4wRo34hnsxfWvClwkc&dib_tag=se&keywords=baggy%2Bjeans%2Bfor%2Bwomen&qid=1713619581&s=apparel&sprefix=baggy%2Bjeans%2Bfor%2Bwomen%2Capparel%2C224&sr=1-5&th=1&psc=2
,Aahwan Women's & Girls' Solid Ripped Denim High Waist Wide Leg Jeans Pants,Aahwan,Black,L,Aesthetic,Women,Jean,https://m.media-amazon.com/images/I/614I9-+OZfL._SY879_.jpg,,949,81%,https://www.amazon.in/Aahwan-Ripped-LightBlue-Bottom-227-LightBlue-30/dp/B0CG5Q8F1C/ref=sr_1_5?crid=IN6FTBANB4UD&dib=eyJ2IjoiMSJ9.yxWpX5TsoDo8wHviudp6colX1u6lSZ9uZZ9BRwrQT2L-SRadlwH6tGDAxVAzrSo27CCEfIB9U6TP1QaypQ3FKBG5SIx6lDtx4VoXaeraHvaOkCcGphdhHY2Ddn_C67Av4TM62mSBl6xNS0awup0Eg34yXOfN9Pqnu78fu7XXHSPnJMG8XgRpM4H8cQSNObQm_P3OOMdsTrmKOF7gEy6BFgE8TvL1Wjl5gevyiGgF8PCsgpgE9lVw1Doem6XQMDyjn1YF8AvvA7VfENixcPmKJZwz-CrUVSmpzThva-L2iEw.RPVFREWKHsxQbN8RqaATYPIcL4wRo34hnsxfWvClwkc&dib_tag=se&keywords=baggy%2Bjeans%2Bfor%2Bwomen&qid=1713619581&s=apparel&sprefix=baggy%2Bjeans%2Bfor%2Bwomen%2Capparel%2C224&sr=1-5&th=1&psc=3
,Aahwan Women's & Girls' Solid Ripped Denim High Waist Wide Leg Jeans Pants,Aahwan,Black,XL,Aesthetic,Women,Jean,https://m.media-amazon.com/images/I/614I9-+OZfL._SY879_.jpg,,949,81%,https://www.amazon.in/Aahwan-Ripped-LightBlue-Bottom-227-LightBlue-30/dp/B0CG5Q8F1C/ref=sr_1_5?crid=IN6FTBANB4UD&dib=eyJ2IjoiMSJ9.yxWpX5TsoDo8wHviudp6colX1u6lSZ9uZZ9BRwrQT2L-SRadlwH6tGDAxVAzrSo27CCEfIB9U6TP1QaypQ3FKBG5SIx6lDtx4VoXaeraHvaOkCcGphdhHY2Ddn_C67Av4TM62mSBl6xNS0awup0Eg34yXOfN9Pqnu78fu7XXHSPnJMG8XgRpM4H8cQSNObQm_P3OOMdsTrmKOF7gEy6BFgE8TvL1Wjl5gevyiGgF8PCsgpgE9lVw1Doem6XQMDyjn1YF8AvvA7VfENixcPmKJZwz-CrUVSmpzThva-L2iEw.RPVFREWKHsxQbN8RqaATYPIcL4wRo34hnsxfWvClwkc&dib_tag=se&keywords=baggy%2Bjeans%2Bfor%2Bwomen&qid=1713619581&s=apparel&sprefix=baggy%2Bjeans%2Bfor%2Bwomen%2Capparel%2C224&sr=1-5&th=1&psc=4
,Van Heusen Men Formal Regular Fit Trousers,Van Heusen,Black,S,Formal,Men ,Cotton,https://m.media-amazon.com/images/I/51+hEeywo+L._SY879_.jpg,,1379,40%,https://www.amazon.in/Van-Heusen-Sport-Trousers-VHTFBSLBA73947_Black_32/dp/B07H6NNDNH/ref=sr_1_6?crid=1RK51QKMBWX6B&dib=eyJ2IjoiMSJ9.35ZESxsQQiBXuVY0Zt86sYB3dUDqJkf4KJ9I3gXHQWc0CLK63ou0G5kISsjLqAXprX9AN19gXDGqa3Z62OWW6akfH2lO4Be5Z3xX1V7gxnnsW0S68h8jG-QWOVKID6Ye5oQ_wUvT15H8vMsm8nvuUc6L9jD-6xI-sqTPfBLxsJt5Xov1hM7g-XkFwit9IFsPXuVnug0CMFemI6cSjGN_iBRXqw9TcmHjz32do5t4HC7HZglEvtBKcBD7oJA3hpqwjjvOwK3wY3e2swyuTtnLngrnQPD3UxWgLanASk73PHU.t-tpJ9-TXdMQBsbzQBHPMFv1X06dEW1OuAzkvvzv9Xo&dib_tag=se&keywords=formal+pants+for+men&qid=1713620023&s=apparel&sprefix=formal+pants+for+me%2Capparel%2C209&sr=1-6
,Van Heusen Men Formal Regular Fit Trousers,Van Heusen,Black,M,Formal,Men ,Cotton,https://m.media-amazon.com/images/I/51+hEeywo+L._SY879_.jpg,,1379,40%,https://www.amazon.in/Van-Heusen-Sport-Trousers-VHTFBSLBA73947_Black_32/dp/B07H6NNDNH/ref=sr_1_6?crid=1RK51QKMBWX6B&dib=eyJ2IjoiMSJ9.35ZESxsQQiBXuVY0Zt86sYB3dUDqJkf4KJ9I3gXHQWc0CLK63ou0G5kISsjLqAXprX9AN19gXDGqa3Z62OWW6akfH2lO4Be5Z3xX1V7gxnnsW0S68h8jG-QWOVKID6Ye5oQ_wUvT15H8vMsm8nvuUc6L9jD-6xI-sqTPfBLxsJt5Xov1hM7g-XkFwit9IFsPXuVnug0CMFemI6cSjGN_iBRXqw9TcmHjz32do5t4HC7HZglEvtBKcBD7oJA3hpqwjjvOwK3wY3e2swyuTtnLngrnQPD3UxWgLanASk73PHU.t-tpJ9-TXdMQBsbzQBHPMFv1X06dEW1OuAzkvvzv9Xo&dib_tag=se&keywords=formal+pants+for+men&qid=1713620023&s=apparel&sprefix=formal+pants+for+me%2Capparel%2C209&sr=1-7
,Van Heusen Men Formal Regular Fit Trousers,Van Heusen,Black,L,Formal,Men ,Cotton,https://m.media-amazon.com/images/I/51+hEeywo+L._SY879_.jpg,,1379,40%,https://www.amazon.in/Van-Heusen-Sport-Trousers-VHTFBSLBA73947_Black_32/dp/B07H6NNDNH/ref=sr_1_6?crid=1RK51QKMBWX6B&dib=eyJ2IjoiMSJ9.35ZESxsQQiBXuVY0Zt86sYB3dUDqJkf4KJ9I3gXHQWc0CLK63ou0G5kISsjLqAXprX9AN19gXDGqa3Z62OWW6akfH2lO4Be5Z3xX1V7gxnnsW0S68h8jG-QWOVKID6Ye5oQ_wUvT15H8vMsm8nvuUc6L9jD-6xI-sqTPfBLxsJt5Xov1hM7g-XkFwit9IFsPXuVnug0CMFemI6cSjGN_iBRXqw9TcmHjz32do5t4HC7HZglEvtBKcBD7oJA3hpqwjjvOwK3wY3e2swyuTtnLngrnQPD3UxWgLanASk73PHU.t-tpJ9-TXdMQBsbzQBHPMFv1X06dEW1OuAzkvvzv9Xo&dib_tag=se&keywords=formal+pants+for+men&qid=1713620023&s=apparel&sprefix=formal+pants+for+me%2Capparel%2C209&sr=1-8
,Van Heusen Men Formal Regular Fit Trousers,Van Heusen,Black,XL,Formal,Men ,Cotton,https://m.media-amazon.com/images/I/51+hEeywo+L._SY879_.jpg,,1379,40%,https://www.amazon.in/Van-Heusen-Sport-Trousers-VHTFBSLBA73947_Black_32/dp/B07H6NNDNH/ref=sr_1_6?crid=1RK51QKMBWX6B&dib=eyJ2IjoiMSJ9.35ZESxsQQiBXuVY0Zt86sYB3dUDqJkf4KJ9I3gXHQWc0CLK63ou0G5kISsjLqAXprX9AN19gXDGqa3Z62OWW6akfH2lO4Be5Z3xX1V7gxnnsW0S68h8jG-QWOVKID6Ye5oQ_wUvT15H8vMsm8nvuUc6L9jD-6xI-sqTPfBLxsJt5Xov1hM7g-XkFwit9IFsPXuVnug0CMFemI6cSjGN_iBRXqw9TcmHjz32do5t4HC7HZglEvtBKcBD7oJA3hpqwjjvOwK3wY3e2swyuTtnLngrnQPD3UxWgLanASk73PHU.t-tpJ9-TXdMQBsbzQBHPMFv1X06dEW1OuAzkvvzv9Xo&dib_tag=se&keywords=formal+pants+for+men&qid=1713620023&s=apparel&sprefix=formal+pants+for+me%2Capparel%2C209&sr=1-9
,Symbol Premium Women's Wide Leg 4-Way Stretch Formal Trousers (Flexi-Waist | Wrinkle Resistant | Desk-to-Dinner),Symbol Premium Store,Beige,S,Formal,Women,Polyester Blend,https://m.media-amazon.com/images/I/61d8O00LLfL._SY879_.jpg,,1599,43%,https://amazon.in/Symbol-Premium-Relaxed-Business-SBP-SS24-WTR-710_Beige_32/dp/B0CSFD4R1J/ref=sr_1_1_sspa?crid=2G3RJZHWZ0XWE&dib=eyJ2IjoiMSJ9.c7GTF4pfPmrkIhe9XBV9P6m7rTAx31n0dEeoc6S9QucWxg2Amt2HB2ihnpyEDT-Qextz2_ElgX1tmyWJQMJXTS00EtIQM7bbqIVUKenY4p9UoK0n5BQ2fxNvvypl6DYCKL4Nd--MoEw-0WcXkp0yabh9PdN8e33-Q_Z1_THr0AZXH8Qn-q1xxEwouMw1EiGax4ZhknmpOxEh4G9qwDim-RsiyDN4mH_NXTMNd4lVBwi75ZRP_JHZAYwc1-oxb3zNTtJSb7eXdUtLLeC3btF8J1l1WXnnvpfwHwO0mmr0r3Y.hM_LgCIHbaxKAvs-UcmAua7XGdAqIVpJKdHH2IQ8PnI&dib_tag=se&keywords=formal+pants+for+women&qid=1713621756&s=apparel&sprefix=formal+pants+for+women%2Capparel%2C216&sr=1-1-spons&sp_csd=d2lkZ2V0TmFtZT1zcF9hdGY&psc=1
,Symbol Premium Women's Wide Leg 4-Way Stretch Formal Trousers (Flexi-Waist | Wrinkle Resistant | Desk-to-Dinner),Symbol Premium Store,Beige,M,Formal,Women,Polyester Blend,https://m.media-amazon.com/images/I/61d8O00LLfL._SY879_.jpg,,1599,43%,https://amazon.in/Symbol-Premium-Relaxed-Business-SBP-SS24-WTR-710_Beige_32/dp/B0CSFD4R1J/ref=sr_1_1_sspa?crid=2G3RJZHWZ0XWE&dib=eyJ2IjoiMSJ9.c7GTF4pfPmrkIhe9XBV9P6m7rTAx31n0dEeoc6S9QucWxg2Amt2HB2ihnpyEDT-Qextz2_ElgX1tmyWJQMJXTS00EtIQM7bbqIVUKenY4p9UoK0n5BQ2fxNvvypl6DYCKL4Nd--MoEw-0WcXkp0yabh9PdN8e33-Q_Z1_THr0AZXH8Qn-q1xxEwouMw1EiGax4ZhknmpOxEh4G9qwDim-RsiyDN4mH_NXTMNd4lVBwi75ZRP_JHZAYwc1-oxb3zNTtJSb7eXdUtLLeC3btF8J1l1WXnnvpfwHwO0mmr0r3Y.hM_LgCIHbaxKAvs-UcmAua7XGdAqIVpJKdHH2IQ8PnI&dib_tag=se&keywords=formal+pants+for+women&qid=1713621756&s=apparel&sprefix=formal+pants+for+women%2Capparel%2C216&sr=1-1-spons&sp_csd=d2lkZ2V0TmFtZT1zcF9hdGY&psc=2
,Symbol Premium Women's Wide Leg 4-Way Stretch Formal Trousers (Flexi-Waist | Wrinkle Resistant | Desk-to-Dinner),Symbol Premium Store,Beige,L,Formal,Women,Polyester Blend,https://m.media-amazon.com/images/I/61d8O00LLfL._SY879_.jpg,,1599,43%,https://amazon.in/Symbol-Premium-Relaxed-Business-SBP-SS24-WTR-710_Beige_32/dp/B0CSFD4R1J/ref=sr_1_1_sspa?crid=2G3RJZHWZ0XWE&dib=eyJ2IjoiMSJ9.c7GTF4pfPmrkIhe9XBV9P6m7rTAx31n0dEeoc6S9QucWxg2Amt2HB2ihnpyEDT-Qextz2_ElgX1tmyWJQMJXTS00EtIQM7bbqIVUKenY4p9UoK0n5BQ2fxNvvypl6DYCKL4Nd--MoEw-0WcXkp0yabh9PdN8e33-Q_Z1_THr0AZXH8Qn-q1xxEwouMw1EiGax4ZhknmpOxEh4G9qwDim-RsiyDN4mH_NXTMNd4lVBwi75ZRP_JHZAYwc1-oxb3zNTtJSb7eXdUtLLeC3btF8J1l1WXnnvpfwHwO0mmr0r3Y.hM_LgCIHbaxKAvs-UcmAua7XGdAqIVpJKdHH2IQ8PnI&dib_tag=se&keywords=formal+pants+for+women&qid=1713621756&s=apparel&sprefix=formal+pants+for+women%2Capparel%2C216&sr=1-1-spons&sp_csd=d2lkZ2V0TmFtZT1zcF9hdGY&psc=3
,Symbol Premium Women's Wide Leg 4-Way Stretch Formal Trousers (Flexi-Waist | Wrinkle Resistant | Desk-to-Dinner),Symbol Premium Store,Beige,XL,Formal,Women,Polyester Blend,https://m.media-amazon.com/images/I/61d8O00LLfL._SY879_.jpg,,1599,43%,https://amazon.in/Symbol-Premium-Relaxed-Business-SBP-SS24-WTR-710_Beige_32/dp/B0CSFD4R1J/ref=sr_1_1_sspa?crid=2G3RJZHWZ0XWE&dib=eyJ2IjoiMSJ9.c7GTF4pfPmrkIhe9XBV9P6m7rTAx31n0dEeoc6S9QucWxg2Amt2HB2ihnpyEDT-Qextz2_ElgX1tmyWJQMJXTS00EtIQM7bbqIVUKenY4p9UoK0n5BQ2fxNvvypl6DYCKL4Nd--MoEw-0WcXkp0yabh9PdN8e33-Q_Z1_THr0AZXH8Qn-q1xxEwouMw1EiGax4ZhknmpOxEh4G9qwDim-RsiyDN4mH_NXTMNd4lVBwi75ZRP_JHZAYwc1-oxb3zNTtJSb7eXdUtLLeC3btF8J1l1WXnnvpfwHwO0mmr0r3Y.hM_LgCIHbaxKAvs-UcmAua7XGdAqIVpJKdHH2IQ8PnI&dib_tag=se&keywords=formal+pants+for+women&qid=1713621756&s=apparel&sprefix=formal+pants+for+women%2Capparel%2C216&sr=1-1-spons&sp_csd=d2lkZ2V0TmFtZT1zcF9hdGY&psc=4
,ASICS Men Track Pants,ASICS,Black,S,Sport,Men,Cotton Blend,https://m.media-amazon.com/images/I/41yQExGaxwL._SX679_.jpg,,"4,499",0%,https://www.amazon.in/ASICS-Performance-Black-Sweat-Pants/dp/B0CRH6GZ4R/ref=sr_1_15?crid=2K6FLBH4PAU8&dib=eyJ2IjoiMSJ9.CqxEl5wGKgv0VPktxQpaQYuzFR0_XDDu82G4YbyI6DrBGQC4QKeSjuXnBE3R2zpDYasZcHHgz_Gzl3DUIeFxBuyd_j5_XvO_ZuERkmv2QLHbXW_GVhR9pGgAB3VRjiQyyHQEy4q6URpQzdqczWwrIUwSEMGDZYPuGr9oxJXlR_XkAXsa9AF-kVXwYTkcMtqkOdtnDsxR61e8smz7VJlIPyE1l9XJcFalb3GU9MNt6cFldxp9Fs37IEfzyKnmEFnR-B7sxjxhoW_7kie5CMaHMr4uUWNJdiZxh2IZClemAv8.6-BXNss4xvzIxH8Ejy-eBFVmzO6vPdfEjwwF4FAKdaE&dib_tag=se&keywords=sport+pants+for+men+performance&qid=1713622137&s=apparel&sprefix=sport+pants+for+men+performan%2Capparel%2C209&sr=1-15
,ASICS Men Track Pants,ASICS,Black,M,Sport,Men,Cotton Blend,https://m.media-amazon.com/images/I/41yQExGaxwL._SX679_.jpg,,"4,499",0%,https://www.amazon.in/ASICS-Performance-Black-Sweat-Pants/dp/B0CRH6GZ4R/ref=sr_1_15?crid=2K6FLBH4PAU8&dib=eyJ2IjoiMSJ9.CqxEl5wGKgv0VPktxQpaQYuzFR0_XDDu82G4YbyI6DrBGQC4QKeSjuXnBE3R2zpDYasZcHHgz_Gzl3DUIeFxBuyd_j5_XvO_ZuERkmv2QLHbXW_GVhR9pGgAB3VRjiQyyHQEy4q6URpQzdqczWwrIUwSEMGDZYPuGr9oxJXlR_XkAXsa9AF-kVXwYTkcMtqkOdtnDsxR61e8smz7VJlIPyE1l9XJcFalb3GU9MNt6cFldxp9Fs37IEfzyKnmEFnR-B7sxjxhoW_7kie5CMaHMr4uUWNJdiZxh2IZClemAv8.6-BXNss4xvzIxH8Ejy-eBFVmzO6vPdfEjwwF4FAKdaE&dib_tag=se&keywords=sport+pants+for+men+performance&qid=1713622137&s=apparel&sprefix=sport+pants+for+men+performan%2Capparel%2C209&sr=1-16
,ASICS Men Track Pants,ASICS,Black,L,Sport,Men,Cotton Blend,https://m.media-amazon.com/images/I/41yQExGaxwL._SX679_.jpg,,"4,499",0%,https://www.amazon.in/ASICS-Performance-Black-Sweat-Pants/dp/B0CRH6GZ4R/ref=sr_1_15?crid=2K6FLBH4PAU8&dib=eyJ2IjoiMSJ9.CqxEl5wGKgv0VPktxQpaQYuzFR0_XDDu82G4YbyI6DrBGQC4QKeSjuXnBE3R2zpDYasZcHHgz_Gzl3DUIeFxBuyd_j5_XvO_ZuERkmv2QLHbXW_GVhR9pGgAB3VRjiQyyHQEy4q6URpQzdqczWwrIUwSEMGDZYPuGr9oxJXlR_XkAXsa9AF-kVXwYTkcMtqkOdtnDsxR61e8smz7VJlIPyE1l9XJcFalb3GU9MNt6cFldxp9Fs37IEfzyKnmEFnR-B7sxjxhoW_7kie5CMaHMr4uUWNJdiZxh2IZClemAv8.6-BXNss4xvzIxH8Ejy-eBFVmzO6vPdfEjwwF4FAKdaE&dib_tag=se&keywords=sport+pants+for+men+performance&qid=1713622137&s=apparel&sprefix=sport+pants+for+men+performan%2Capparel%2C209&sr=1-17
,ASICS Men Track Pants,ASICS,Black,XL,Sport,Men,Cotton Blend,https://m.media-amazon.com/images/I/41yQExGaxwL._SX679_.jpg,,"4,499",0%,https://www.amazon.in/ASICS-Performance-Black-Sweat-Pants/dp/B0CRH6GZ4R/ref=sr_1_15?crid=2K6FLBH4PAU8&dib=eyJ2IjoiMSJ9.CqxEl5wGKgv0VPktxQpaQYuzFR0_XDDu82G4YbyI6DrBGQC4QKeSjuXnBE3R2zpDYasZcHHgz_Gzl3DUIeFxBuyd_j5_XvO_ZuERkmv2QLHbXW_GVhR9pGgAB3VRjiQyyHQEy4q6URpQzdqczWwrIUwSEMGDZYPuGr9oxJXlR_XkAXsa9AF-kVXwYTkcMtqkOdtnDsxR61e8smz7VJlIPyE1l9XJcFalb3GU9MNt6cFldxp9Fs37IEfzyKnmEFnR-B7sxjxhoW_7kie5CMaHMr4uUWNJdiZxh2IZClemAv8.6-BXNss4xvzIxH8Ejy-eBFVmzO6vPdfEjwwF4FAKdaE&dib_tag=se&keywords=sport+pants+for+men+performance&qid=1713622137&s=apparel&sprefix=sport+pants+for+men+performan%2Capparel%2C209&sr=1-18
,,,,,,,,,,,,
,,,,,,,,,,,,
,,,,,,,,,,,,
,,,,,,,,,,,,
,,,,,,,,,,,,
,,,,,,,,,,,,
,,,,,,,,,,,,
,,,,,,,,,,,,
,,,,,,,,,,,,
,,,,,,,,,,,,
,,,,,,,,,,,,
,,,,,,,,,,,,
,,,,,,,,,,,,
,,,,,,,,,,,,
,,,,,,,,,,,,
,,,,,,,,,,,,
,,,,,,,,,,,,
,,,,,,,,,,,,
,,,,,,,,,,,,
,,,,,,,,,,,,
,,,,,,,,,,,,
,,,,,,,,,,,,
,,,,,,,,,,,,
,,,,,,,,,,,,
,,,,,,,,,,,,
,,,,,,,,,,,,
,,,,,,,,,,,,
,,,,,,,,,,,,
,,,,,,,,,,,,
,,,,,,,,,,,,
,,,,,,,,,,,,
,,,,,,,,,,,,
,,,,,,,,,,,,
,,,,,,,,,,,,
,,,,,,,,,,,,
,,,,,,,,,,,,
,,,,,,,,,,,,
,,,,,,,,,,,,
,,,,,,,,,,,,
,,,,,,,,,,,,
,,,,,,,,,,,,
,,,,,,,,,,,,
,,,,,,,,,,,,
,,,,,,,,,,,,
,,,,,,,,,,,,
,,,,,,,,,,,,
,,,,,,,,,,,,
,,,,,,,,,,,,
,,,,,,,,,,,,
,,,,,,,,,,,,
,,,,,,,,,,,,
,,,,,,,,,,,,
,,,,,,,,,,,,
,,,,,,,,,,,,
,,,,,,,,,,,,
,,,,,,,,,,,,
,,,,,,,,,,,,
,,,,,,,,,,,,
,,,,,,,,,,,,
,,,,,,,,,,,,
,,,,,,,,,,,,
,Manyavar Blended Cotton Embroidery Kurta Set for Men,Manyavar,Blue,S,traditional,Men,Blended Cotton,https://m.media-amazon.com/images/I/51UHo8ClVEL._SY879_.jpg,,"4,591",8%,https://www.amazon.in/Manyavar-Sleeves-Mandarin-Engagement-Embroidery/dp/B0BQC8WZYS/ref=sr_1_1_sspa?crid=5NQOQPPF65ZO&dib=eyJ2IjoiMSJ9.-LyCNPpM7Fd_yFDnbAv9HngDa96Fybh9_WE3Wbe48DCQt-tymJBWWHMwV_hFX25PYW2aAEINmLXoIWCJgL-rLBBG7R0eh8pxkjpJFLBOqB-CxttFDGCFVkY5tB0PhUmlrskmL8JVmaWsghEn_bFg5I3PALBi74r3R54UD102RjGW_6ISq78DcvuxSJMaPbPSVWM2HqL5SHnzxCNR9VwKlRI7TBBBCf4jJEFhbh97ytsgaivwso5_bNjuZ5gLEuXUMDf9n9piqna8wmun3PXotu4BRjZS3HcEe40sn4wn8xs.5LvskrwoDg9AuS0dySsTkyIVCPKh4Uq_FhzRMkERLYc&dib_tag=se&keywords=manyavar&qid=1713613628&sprefix=manyava%2Caps%2C230&sr=8-1-spons&sp_csd=d2lkZ2V0TmFtZT1zcF9hdGY&th=1&psc=1
,Manyavar Blended Cotton Embroidery Kurta Set for Men,Manyavar,Blue,M,traditional,Men,Blended Cotton,https://m.media-amazon.com/images/I/51UHo8ClVEL._SY879_.jpg,,"4,591",8%,https://www.amazon.in/Manyavar-Sleeves-Mandarin-Engagement-Embroidery/dp/B0BQC6N22Z/ref=sr_1_1_sspa?crid=5NQOQPPF65ZO&dib=eyJ2IjoiMSJ9.-LyCNPpM7Fd_yFDnbAv9HngDa96Fybh9_WE3Wbe48DCQt-tymJBWWHMwV_hFX25PYW2aAEINmLXoIWCJgL-rLBBG7R0eh8pxkjpJFLBOqB-CxttFDGCFVkY5tB0PhUmlrskmL8JVmaWsghEn_bFg5I3PALBi74r3R54UD102RjGW_6ISq78DcvuxSJMaPbPSVWM2HqL5SHnzxCNR9VwKlRI7TBBBCf4jJEFhbh97ytsgaivwso5_bNjuZ5gLEuXUMDf9n9piqna8wmun3PXotu4BRjZS3HcEe40sn4wn8xs.5LvskrwoDg9AuS0dySsTkyIVCPKh4Uq_FhzRMkERLYc&dib_tag=se&keywords=manyavar&qid=1713613628&sprefix=manyava%2Caps%2C230&sr=8-1-spons&sp_csd=d2lkZ2V0TmFtZT1zcF9hdGY&th=1&psc=1
,Manyavar Blended Cotton Embroidery Kurta Set for Men,Manyavar,Blue,L,traditional,Men,Blended Cotton,https://m.media-amazon.com/images/I/51UHo8ClVEL._SY879_.jpg,,"4,591",8%,https://www.amazon.in/Manyavar-Sleeves-Mandarin-Engagement-Embroidery/dp/B0BQCBWQWG/ref=sr_1_1_sspa?crid=5NQOQPPF65ZO&dib=eyJ2IjoiMSJ9.-LyCNPpM7Fd_yFDnbAv9HngDa96Fybh9_WE3Wbe48DCQt-tymJBWWHMwV_hFX25PYW2aAEINmLXoIWCJgL-rLBBG7R0eh8pxkjpJFLBOqB-CxttFDGCFVkY5tB0PhUmlrskmL8JVmaWsghEn_bFg5I3PALBi74r3R54UD102RjGW_6ISq78DcvuxSJMaPbPSVWM2HqL5SHnzxCNR9VwKlRI7TBBBCf4jJEFhbh97ytsgaivwso5_bNjuZ5gLEuXUMDf9n9piqna8wmun3PXotu4BRjZS3HcEe40sn4wn8xs.5LvskrwoDg9AuS0dySsTkyIVCPKh4Uq_FhzRMkERLYc&dib_tag=se&keywords=manyavar&qid=1713613628&sprefix=manyava%2Caps%2C230&sr=8-1-spons&sp_csd=d2lkZ2V0TmFtZT1zcF9hdGY&th=1&psc=1
,Manyavar Blended Cotton Embroidery Kurta Set for Men,Manyavar,Blue,2-XL,traditional,Men,Blended Cotton,https://m.media-amazon.com/images/I/51UHo8ClVEL._SY879_.jpg,,"4,591",8%,https://www.amazon.in/Manyavar-Sleeves-Mandarin-Engagement-Embroidery/dp/B0BQC8WZNP/ref=sr_1_1_sspa?crid=5NQOQPPF65ZO&dib=eyJ2IjoiMSJ9.-LyCNPpM7Fd_yFDnbAv9HngDa96Fybh9_WE3Wbe48DCQt-tymJBWWHMwV_hFX25PYW2aAEINmLXoIWCJgL-rLBBG7R0eh8pxkjpJFLBOqB-CxttFDGCFVkY5tB0PhUmlrskmL8JVmaWsghEn_bFg5I3PALBi74r3R54UD102RjGW_6ISq78DcvuxSJMaPbPSVWM2HqL5SHnzxCNR9VwKlRI7TBBBCf4jJEFhbh97ytsgaivwso5_bNjuZ5gLEuXUMDf9n9piqna8wmun3PXotu4BRjZS3HcEe40sn4wn8xs.5LvskrwoDg9AuS0dySsTkyIVCPKh4Uq_FhzRMkERLYc&dib_tag=se&keywords=manyavar&qid=1713613628&sprefix=manyava%2Caps%2C230&sr=8-1-spons&sp_csd=d2lkZ2V0TmFtZT1zcF9hdGY&th=1&psc=1
,Manyavar Men's Blended Kurta & Pyjama Set (M315009),Manyavar,White,S,traditional,Men,Cotton,https://m.media-amazon.com/images/I/71F-Z9NyuWL._SY879_.jpg,,"1,870",6%,https://www.amazon.in/Manyavar-Blended-Kurta-Pyjama-White/dp/B017D4HPF8/ref=sr_1_1_sspa?crid=1IKUIV6WVGH6Y&dib=eyJ2IjoiMSJ9.LF6edKKMmuSqHdcZTTzH6SlQ2eJiOHBAbC3XzHWkoqhrnGqSSIIU4GKy84rGhz8KRSZnBmEGgYt6CpfqzA9HRsCtcxS_VRh17XbdsMLIB4Iokoh6ww5-SQgn_UOxTnRI9HjMVc2pm55FT7Ru2evs1lLMg0mBx5VnE4dFgs2iv3MZps8T6a4vXmnebChjUZ8vuOhCnMCISi5jkRf_bypF4HobxliBWKNmfvPU00t5Wxb1cI3kOf216U2L-F_Y-2y7BllJUTtYr-goKnGur-6GbH9UolJh6v6YOFBYgmNrLao.Onz_CIG7w3Xa1Hif04MKxlUG8zaVg2R4tSspcJ4jeA8&dib_tag=se&keywords=manyavar%2Bwhite&qid=1713616706&sprefix=manyavar%2Bwhit%2Caps%2C226&sr=8-1-spons&sp_csd=d2lkZ2V0TmFtZT1zcF9hdGY&th=1
,Manyavar Men's Blended Kurta & Pyjama Set (M315009),Manyavar,White,M,traditional,Men,Cotton,https://m.media-amazon.com/images/I/71F-Z9NyuWL._SY879_.jpg,,"1,870",6%,https://www.amazon.in/Manyavar-Blended-Kurta-Pyjama-White/dp/B017D4HPF8/ref=sr_1_1_sspa?crid=1IKUIV6WVGH6Y&dib=eyJ2IjoiMSJ9.LF6edKKMmuSqHdcZTTzH6SlQ2eJiOHBAbC3XzHWkoqhrnGqSSIIU4GKy84rGhz8KRSZnBmEGgYt6CpfqzA9HRsCtcxS_VRh17XbdsMLIB4Iokoh6ww5-SQgn_UOxTnRI9HjMVc2pm55FT7Ru2evs1lLMg0mBx5VnE4dFgs2iv3MZps8T6a4vXmnebChjUZ8vuOhCnMCISi5jkRf_bypF4HobxliBWKNmfvPU00t5Wxb1cI3kOf216U2L-F_Y-2y7BllJUTtYr-goKnGur-6GbH9UolJh6v6YOFBYgmNrLao.Onz_CIG7w3Xa1Hif04MKxlUG8zaVg2R4tSspcJ4jeA8&dib_tag=se&keywords=manyavar%2Bwhite&qid=1713616706&sprefix=manyavar%2Bwhit%2Caps%2C226&sr=8-1-spons&sp_csd=d2lkZ2V0TmFtZT1zcF9hdGY&th=1
,Manyavar Men's Blended Kurta & Pyjama Set (M315009),Manyavar,White,L,traditional,Men,Cotton,https://m.media-amazon.com/images/I/71F-Z9NyuWL._SY879_.jpg,,"1,870",6%,https://www.amazon.in/Manyavar-Blended-Kurta-Pyjama-White/dp/B017D4HPF8/ref=sr_1_1_sspa?crid=1IKUIV6WVGH6Y&dib=eyJ2IjoiMSJ9.LF6edKKMmuSqHdcZTTzH6SlQ2eJiOHBAbC3XzHWkoqhrnGqSSIIU4GKy84rGhz8KRSZnBmEGgYt6CpfqzA9HRsCtcxS_VRh17XbdsMLIB4Iokoh6ww5-SQgn_UOxTnRI9HjMVc2pm55FT7Ru2evs1lLMg0mBx5VnE4dFgs2iv3MZps8T6a4vXmnebChjUZ8vuOhCnMCISi5jkRf_bypF4HobxliBWKNmfvPU00t5Wxb1cI3kOf216U2L-F_Y-2y7BllJUTtYr-goKnGur-6GbH9UolJh6v6YOFBYgmNrLao.Onz_CIG7w3Xa1Hif04MKxlUG8zaVg2R4tSspcJ4jeA8&dib_tag=se&keywords=manyavar%2Bwhite&qid=1713616706&sprefix=manyavar%2Bwhit%2Caps%2C226&sr=8-1-spons&sp_csd=d2lkZ2V0TmFtZT1zcF9hdGY&th=1
,Manyavar Men's Blended Kurta & Pyjama Set (M315009),Manyavar,White,XXL,traditional,Men,Cotton,https://m.media-amazon.com/images/I/71F-Z9NyuWL._SY879_.jpg,,"1,870",6%,https://www.amazon.in/Manyavar-Blended-Kurta-Pyjama-White/dp/B017D4HPF8/ref=sr_1_1_sspa?crid=1IKUIV6WVGH6Y&dib=eyJ2IjoiMSJ9.LF6edKKMmuSqHdcZTTzH6SlQ2eJiOHBAbC3XzHWkoqhrnGqSSIIU4GKy84rGhz8KRSZnBmEGgYt6CpfqzA9HRsCtcxS_VRh17XbdsMLIB4Iokoh6ww5-SQgn_UOxTnRI9HjMVc2pm55FT7Ru2evs1lLMg0mBx5VnE4dFgs2iv3MZps8T6a4vXmnebChjUZ8vuOhCnMCISi5jkRf_bypF4HobxliBWKNmfvPU00t5Wxb1cI3kOf216U2L-F_Y-2y7BllJUTtYr-goKnGur-6GbH9UolJh6v6YOFBYgmNrLao.Onz_CIG7w3Xa1Hif04MKxlUG8zaVg2R4tSspcJ4jeA8&dib_tag=se&keywords=manyavar%2Bwhite&qid=1713616706&sprefix=manyavar%2Bwhit%2Caps%2C226&sr=8-1-spons&sp_csd=d2lkZ2V0TmFtZT1zcF9hdGY&th=1
,Manyavar Men Kurta Pyjama With Waistcoat,Manyavar,Grey/Blue,S,traditional,Men,Silk,https://m.media-amazon.com/images/I/711Hbapxi9L._SY879_.jpg,,"6,999",0%,https://www.amazon.in/Manyavar-Regular-Striped-Churidar-Designer/dp/B074FSH7NZ?ref_=ast_slp_dp&th=1&psc=1
,Miss Ethnik Women's Faux Georgette Semi Stitched Top With Stitched Faux Georgette Bottom and Faux Georgette Dupatta Embroidered Straight Kurta Dress Material (Kurta Palazzo Set),Miss Ethnik,Maroon,S,traditional,Women,Faux Georgette With Santoon Inner,https://m.media-amazon.com/images/I/71dNIIMX1HL._SY879_.jpg,,"1,699",58%,https://www.amazon.in/Miss-Ethnik-Georgette-Embroidered-ME-1033-M/dp/B08QFJ52SZ/ref=sr_1_7?crid=3FL8CWZ78GCG4&dib=eyJ2IjoiMSJ9.alr8NUNzxIgdqP5F1mYkaA2ZzJosjbrdhdcpINYiLbjZ2TIHdLqSgCea17lqLcScmUuj7NflMGiRVm1iym1giDJF8eEtDvwaRgSFvtRDE3NBLCQlpiQxHUOnAgjDFjJXSAWYndz8ohBeHdNaRxC3vzhgUyuAfwFs_K-LZphTZKzjUCLzeS1v1I--5CXa7Q7KIIKIK8bs3DY49fIUq7XyzK5qHfNUyo6kA_QhfLCNe5vmsgpWRO0vggGIAOvUbHj9hDcQrxNXCTbcjhsuZlS5nBI5lF5dK76UaSCvtPfDTi4.eNby1jnqTFx4t18aZoOCK1X2HETkLcoe_268NJ_2uV8&dib_tag=se&keywords=women+traditional+wear&qid=1713617401&s=apparel&sprefix=women+tradition%2Capparel%2C218&sr=1-7
,Miss Ethnik Women's Faux Georgette Semi Stitched Top With Stitched Faux Georgette Bottom and Faux Georgette Dupatta Embroidered Straight Kurta Dress Material (Kurta Palazzo Set),Miss Ethnik,Maroon,M,traditional,Women,Faux Georgette With Santoon Inner,https://m.media-amazon.com/images/I/71dNIIMX1HL._SY879_.jpg,,"1,699",58%,https://www.amazon.in/Miss-Ethnik-Georgette-Embroidered-ME-1033-M/dp/B08QFJ52SZ/ref=sr_1_7?crid=3FL8CWZ78GCG4&dib=eyJ2IjoiMSJ9.alr8NUNzxIgdqP5F1mYkaA2ZzJosjbrdhdcpINYiLbjZ2TIHdLqSgCea17lqLcScmUuj7NflMGiRVm1iym1giDJF8eEtDvwaRgSFvtRDE3NBLCQlpiQxHUOnAgjDFjJXSAWYndz8ohBeHdNaRxC3vzhgUyuAfwFs_K-LZphTZKzjUCLzeS1v1I--5CXa7Q7KIIKIK8bs3DY49fIUq7XyzK5qHfNUyo6kA_QhfLCNe5vmsgpWRO0vggGIAOvUbHj9hDcQrxNXCTbcjhsuZlS5nBI5lF5dK76UaSCvtPfDTi4.eNby1jnqTFx4t18aZoOCK1X2HETkLcoe_268NJ_2uV8&dib_tag=se&keywords=women+traditional+wear&qid=1713617401&s=apparel&sprefix=women+tradition%2Capparel%2C218&sr=1-8
,Miss Ethnik Women's Faux Georgette Semi Stitched Top With Stitched Faux Georgette Bottom and Faux Georgette Dupatta Embroidered Straight Kurta Dress Material (Kurta Palazzo Set),Miss Ethnik,Maroon,L,traditional,Women,Faux Georgette With Santoon Inner,https://m.media-amazon.com/images/I/71dNIIMX1HL._SY879_.jpg,,"1,699",58%,https://www.amazon.in/Miss-Ethnik-Georgette-Embroidered-ME-1033-M/dp/B08QFJ52SZ/ref=sr_1_7?crid=3FL8CWZ78GCG4&dib=eyJ2IjoiMSJ9.alr8NUNzxIgdqP5F1mYkaA2ZzJosjbrdhdcpINYiLbjZ2TIHdLqSgCea17lqLcScmUuj7NflMGiRVm1iym1giDJF8eEtDvwaRgSFvtRDE3NBLCQlpiQxHUOnAgjDFjJXSAWYndz8ohBeHdNaRxC3vzhgUyuAfwFs_K-LZphTZKzjUCLzeS1v1I--5CXa7Q7KIIKIK8bs3DY49fIUq7XyzK5qHfNUyo6kA_QhfLCNe5vmsgpWRO0vggGIAOvUbHj9hDcQrxNXCTbcjhsuZlS5nBI5lF5dK76UaSCvtPfDTi4.eNby1jnqTFx4t18aZoOCK1X2HETkLcoe_268NJ_2uV8&dib_tag=se&keywords=women+traditional+wear&qid=1713617401&s=apparel&sprefix=women+tradition%2Capparel%2C218&sr=1-9
,Miss Ethnik Women's Faux Georgette Semi Stitched Top With Stitched Faux Georgette Bottom and Faux Georgette Dupatta Embroidered Straight Kurta Dress Material (Kurta Palazzo Set),Miss Ethnik,Maroon,XL,traditional,Women,Faux Georgette With Santoon Inner,https://m.media-amazon.com/images/I/71dNIIMX1HL._SY879_.jpg,,"1,699",58%,https://www.amazon.in/Miss-Ethnik-Georgette-Embroidered-ME-1033-M/dp/B08QFJ52SZ/ref=sr_1_7?crid=3FL8CWZ78GCG4&dib=eyJ2IjoiMSJ9.alr8NUNzxIgdqP5F1mYkaA2ZzJosjbrdhdcpINYiLbjZ2TIHdLqSgCea17lqLcScmUuj7NflMGiRVm1iym1giDJF8eEtDvwaRgSFvtRDE3NBLCQlpiQxHUOnAgjDFjJXSAWYndz8ohBeHdNaRxC3vzhgUyuAfwFs_K-LZphTZKzjUCLzeS1v1I--5CXa7Q7KIIKIK8bs3DY49fIUq7XyzK5qHfNUyo6kA_QhfLCNe5vmsgpWRO0vggGIAOvUbHj9hDcQrxNXCTbcjhsuZlS5nBI5lF5dK76UaSCvtPfDTi4.eNby1jnqTFx4t18aZoOCK1X2HETkLcoe_268NJ_2uV8&dib_tag=se&keywords=women+traditional+wear&qid=1713617401&s=apparel&sprefix=women+tradition%2Capparel%2C218&sr=1-10
,C J Enterprise Women's Pure Kanjivaram Soft Silk Saree for Wedding With Blouse Piece (DevRatnaa Silver Paithani),C J Enterprise,Silver,S,traditional,Women,Art Silk,https://m.media-amazon.com/images/I/71+QCT39CJL._SX679_.jpg,,681,32%,https://www.amazon.in/Enterprise-Kanjivaram-Kanchipuram-Banarasi-DevRatnaa/dp/B0CQK63MZ8/ref=sr_1_11?crid=3FL8CWZ78GCG4&dib=eyJ2IjoiMSJ9.alr8NUNzxIgdqP5F1mYkaA2ZzJosjbrdhdcpINYiLbjZ2TIHdLqSgCea17lqLcScmUuj7NflMGiRVm1iym1giDJF8eEtDvwaRgSFvtRDE3NBLCQlpiQxHUOnAgjDFjJXSAWYndz8ohBeHdNaRxC3vzhgUyuAfwFs_K-LZphTZKzjUCLzeS1v1I--5CXa7Q7KIIKIK8bs3DY49fIUq7XyzK5qHfNUyo6kA_QhfLCNe5vmsgpWRO0vggGIAOvUbHj9hDcQrxNXCTbcjhsuZlS5nBI5lF5dK76UaSCvtPfDTi4.eNby1jnqTFx4t18aZoOCK1X2HETkLcoe_268NJ_2uV8&dib_tag=se&keywords=women+traditional+wear&qid=1713617401&s=apparel&sprefix=women+tradition%2Capparel%2C218&sr=1-11
,C J Enterprise Women's Pure Kanjivaram Soft Silk Saree for Wedding With Blouse Piece (DevRatnaa Silver Paithani),C J Enterprise,Silver,M,traditional,Women,Art Silk,https://m.media-amazon.com/images/I/71+QCT39CJL._SX679_.jpg,,681,32%,https://www.amazon.in/Enterprise-Kanjivaram-Kanchipuram-Banarasi-DevRatnaa/dp/B0CQK63MZ8/ref=sr_1_11?crid=3FL8CWZ78GCG4&dib=eyJ2IjoiMSJ9.alr8NUNzxIgdqP5F1mYkaA2ZzJosjbrdhdcpINYiLbjZ2TIHdLqSgCea17lqLcScmUuj7NflMGiRVm1iym1giDJF8eEtDvwaRgSFvtRDE3NBLCQlpiQxHUOnAgjDFjJXSAWYndz8ohBeHdNaRxC3vzhgUyuAfwFs_K-LZphTZKzjUCLzeS1v1I--5CXa7Q7KIIKIK8bs3DY49fIUq7XyzK5qHfNUyo6kA_QhfLCNe5vmsgpWRO0vggGIAOvUbHj9hDcQrxNXCTbcjhsuZlS5nBI5lF5dK76UaSCvtPfDTi4.eNby1jnqTFx4t18aZoOCK1X2HETkLcoe_268NJ_2uV8&dib_tag=se&keywords=women+traditional+wear&qid=1713617401&s=apparel&sprefix=women+tradition%2Capparel%2C218&sr=1-12
,C J Enterprise Women's Pure Kanjivaram Soft Silk Saree for Wedding With Blouse Piece (DevRatnaa Silver Paithani),C J Enterprise,Silver,L,traditional,Women,Art Silk,https://m.media-amazon.com/images/I/71+QCT39CJL._SX679_.jpg,,681,32%,https://www.amazon.in/Enterprise-Kanjivaram-Kanchipuram-Banarasi-DevRatnaa/dp/B0CQK63MZ8/ref=sr_1_11?crid=3FL8CWZ78GCG4&dib=eyJ2IjoiMSJ9.alr8NUNzxIgdqP5F1mYkaA2ZzJosjbrdhdcpINYiLbjZ2TIHdLqSgCea17lqLcScmUuj7NflMGiRVm1iym1giDJF8eEtDvwaRgSFvtRDE3NBLCQlpiQxHUOnAgjDFjJXSAWYndz8ohBeHdNaRxC3vzhgUyuAfwFs_K-LZphTZKzjUCLzeS1v1I--5CXa7Q7KIIKIK8bs3DY49fIUq7XyzK5qHfNUyo6kA_QhfLCNe5vmsgpWRO0vggGIAOvUbHj9hDcQrxNXCTbcjhsuZlS5nBI5lF5dK76UaSCvtPfDTi4.eNby1jnqTFx4t18aZoOCK1X2HETkLcoe_268NJ_2uV8&dib_tag=se&keywords=women+traditional+wear&qid=1713617401&s=apparel&sprefix=women+tradition%2Capparel%2C218&sr=1-13
,C J Enterprise Women's Pure Kanjivaram Soft Silk Saree for Wedding With Blouse Piece (DevRatnaa Silver Paithani),C J Enterprise,Silver,XL,traditional,Women,Art Silk,https://m.media-amazon.com/images/I/71+QCT39CJL._SX679_.jpg,,681,32%,https://www.amazon.in/Enterprise-Kanjivaram-Kanchipuram-Banarasi-DevRatnaa/dp/B0CQK63MZ8/ref=sr_1_11?crid=3FL8CWZ78GCG4&dib=eyJ2IjoiMSJ9.alr8NUNzxIgdqP5F1mYkaA2ZzJosjbrdhdcpINYiLbjZ2TIHdLqSgCea17lqLcScmUuj7NflMGiRVm1iym1giDJF8eEtDvwaRgSFvtRDE3NBLCQlpiQxHUOnAgjDFjJXSAWYndz8ohBeHdNaRxC3vzhgUyuAfwFs_K-LZphTZKzjUCLzeS1v1I--5CXa7Q7KIIKIK8bs3DY49fIUq7XyzK5qHfNUyo6kA_QhfLCNe5vmsgpWRO0vggGIAOvUbHj9hDcQrxNXCTbcjhsuZlS5nBI5lF5dK76UaSCvtPfDTi4.eNby1jnqTFx4t18aZoOCK1X2HETkLcoe_268NJ_2uV8&dib_tag=se&keywords=women+traditional+wear&qid=1713617401&s=apparel&sprefix=women+tradition%2Capparel%2C218&sr=1-14
,Amazon Brand - Myx Short Kurtis for Women| Cotton Kurtis| Kurtis for Women,Myx Store,Blue,S,traditional,Women,Cotton,https://m.media-amazon.com/images/I/81cyZ6h+B4L._SY879_.jpg,,399,33%,https://www.amazon.in/Amazon-Brand-Myx-Womens-AW16VALST01A_Blue_Large/dp/B01JOB4FDI/ref=sxbs_pa_sp_search_thematic_btf_sspa?content-id=amzn1.sym.e2faeae3-5951-42bc-a1a4-e628c23c9e02%3Aamzn1.sym.e2faeae3-5951-42bc-a1a4-e628c23c9e02&crid=3FL8CWZ78GCG4&cv_ct_cx=women%2Btraditional%2Bwear&dib=eyJ2IjoiMSJ9.-NnVrgxlP32Gv4KYe0RmBPui5O01qWLXaFFyB-lVElzrh6lDfpnS-_-ALFsgwdjD8k3PQTX1V2d72-J2li_84g.wAKJtOTHQv64F2eXxXPCMfegpZm9Fm4rib3HUKNr9oc&dib_tag=se&keywords=women%2Btraditional%2Bwear&pd_rd_i=B01JOB4FC4&pd_rd_r=1aec7183-4f63-460e-b9b6-5f0cd8f13f6d&pd_rd_w=VxjgS&pd_rd_wg=IBN6p&pf_rd_p=e2faeae3-5951-42bc-a1a4-e628c23c9e02&pf_rd_r=CD52WPTF1W22X6RT755X&qid=1713617401&s=apparel&sbo=RZvfv%2F%2FHxDF%2BO5021pAnSA%3D%3D&sprefix=women%2Btradition%2Capparel%2C218&sr=1-2-2907eac4-8056-42c7-8014-fdf7bd4c5395-spons&sp_csd=d2lkZ2V0TmFtZT1zcF9zZWFyY2hfdGhlbWF0aWNfYnRm&th=1&psc=1
,Amazon Brand - Myx Short Kurtis for Women| Cotton Kurtis| Kurtis for Women,Myx Store,Blue,M,traditional,Women,Cotton,https://m.media-amazon.com/images/I/81cyZ6h+B4L._SY879_.jpg,,399,33%,https://www.amazon.in/Amazon-Brand-Myx-Womens-AW16VALST01A_Blue_Large/dp/B01JOB4FGU/ref=sxbs_pa_sp_search_thematic_btf_sspa?content-id=amzn1.sym.e2faeae3-5951-42bc-a1a4-e628c23c9e02%3Aamzn1.sym.e2faeae3-5951-42bc-a1a4-e628c23c9e02&crid=3FL8CWZ78GCG4&cv_ct_cx=women%2Btraditional%2Bwear&dib=eyJ2IjoiMSJ9.-NnVrgxlP32Gv4KYe0RmBPui5O01qWLXaFFyB-lVElzrh6lDfpnS-_-ALFsgwdjD8k3PQTX1V2d72-J2li_84g.wAKJtOTHQv64F2eXxXPCMfegpZm9Fm4rib3HUKNr9oc&dib_tag=se&keywords=women%2Btraditional%2Bwear&pd_rd_i=B01JOB4FC4&pd_rd_r=1aec7183-4f63-460e-b9b6-5f0cd8f13f6d&pd_rd_w=VxjgS&pd_rd_wg=IBN6p&pf_rd_p=e2faeae3-5951-42bc-a1a4-e628c23c9e02&pf_rd_r=CD52WPTF1W22X6RT755X&qid=1713617401&s=apparel&sbo=RZvfv%2F%2FHxDF%2BO5021pAnSA%3D%3D&sprefix=women%2Btradition%2Capparel%2C218&sr=1-2-2907eac4-8056-42c7-8014-fdf7bd4c5395-spons&sp_csd=d2lkZ2V0TmFtZT1zcF9zZWFyY2hfdGhlbWF0aWNfYnRm&th=1&psc=1
,Amazon Brand - Myx Short Kurtis for Women| Cotton Kurtis| Kurtis for Women,Myx Store,Blue,L,traditional,Women,Cotton,https://m.media-amazon.com/images/I/81cyZ6h+B4L._SY879_.jpg,,399,33%,https://www.amazon.in/Amazon-Brand-Myx-Womens-AW16VALST01A_Blue_Large/dp/B01JOB4FC4/ref=sxbs_pa_sp_search_thematic_btf_sspa?content-id=amzn1.sym.e2faeae3-5951-42bc-a1a4-e628c23c9e02%3Aamzn1.sym.e2faeae3-5951-42bc-a1a4-e628c23c9e02&crid=3FL8CWZ78GCG4&cv_ct_cx=women%2Btraditional%2Bwear&dib=eyJ2IjoiMSJ9.-NnVrgxlP32Gv4KYe0RmBPui5O01qWLXaFFyB-lVElzrh6lDfpnS-_-ALFsgwdjD8k3PQTX1V2d72-J2li_84g.wAKJtOTHQv64F2eXxXPCMfegpZm9Fm4rib3HUKNr9oc&dib_tag=se&keywords=women%2Btraditional%2Bwear&pd_rd_i=B01JOB4FC4&pd_rd_r=1aec7183-4f63-460e-b9b6-5f0cd8f13f6d&pd_rd_w=VxjgS&pd_rd_wg=IBN6p&pf_rd_p=e2faeae3-5951-42bc-a1a4-e628c23c9e02&pf_rd_r=CD52WPTF1W22X6RT755X&qid=1713617401&s=apparel&sbo=RZvfv%2F%2FHxDF%2BO5021pAnSA%3D%3D&sprefix=women%2Btradition%2Capparel%2C218&sr=1-2-2907eac4-8056-42c7-8014-fdf7bd4c5395-spons&sp_csd=d2lkZ2V0TmFtZT1zcF9zZWFyY2hfdGhlbWF0aWNfYnRm&th=1&psc=1
,Amazon Brand - Myx Short Kurtis for Women| Cotton Kurtis| Kurtis for Women,Myx Store,Blue,XL,traditional,Women,Cotton,https://m.media-amazon.com/images/I/81cyZ6h+B4L._SY879_.jpg,,399,33%,https://www.amazon.in/Amazon-Brand-Myx-Womens-AW16VALST01A_Blue_Large/dp/B01JOB4GPU/ref=sxbs_pa_sp_search_thematic_btf_sspa?content-id=amzn1.sym.e2faeae3-5951-42bc-a1a4-e628c23c9e02%3Aamzn1.sym.e2faeae3-5951-42bc-a1a4-e628c23c9e02&crid=3FL8CWZ78GCG4&cv_ct_cx=women%2Btraditional%2Bwear&dib=eyJ2IjoiMSJ9.-NnVrgxlP32Gv4KYe0RmBPui5O01qWLXaFFyB-lVElzrh6lDfpnS-_-ALFsgwdjD8k3PQTX1V2d72-J2li_84g.wAKJtOTHQv64F2eXxXPCMfegpZm9Fm4rib3HUKNr9oc&dib_tag=se&keywords=women%2Btraditional%2Bwear&pd_rd_i=B01JOB4FC4&pd_rd_r=1aec7183-4f63-460e-b9b6-5f0cd8f13f6d&pd_rd_w=VxjgS&pd_rd_wg=IBN6p&pf_rd_p=e2faeae3-5951-42bc-a1a4-e628c23c9e02&pf_rd_r=CD52WPTF1W22X6RT755X&qid=1713617401&s=apparel&sbo=RZvfv%2F%2FHxDF%2BO5021pAnSA%3D%3D&sprefix=women%2Btradition%2Capparel%2C218&sr=1-2-2907eac4-8056-42c7-8014-fdf7bd4c5395-spons&sp_csd=d2lkZ2V0TmFtZT1zcF9zZWFyY2hfdGhlbWF0aWNfYnRm&th=1&psc=1
,"Rameshwaram Fabrics Men's Indian Traditional Wedding Dress, Readymade Dhoti with Sherwani Style Kurta - Stole",Rameshwaram Fabrics Store,Pink/White,S,traditional,Men,Art Silk,https://m.media-amazon.com/images/I/71swhMfRFcL._SY879_.jpg,,"1,909",58%,https://www.amazon.in/Rameshwaram-Fabrics-Traditional-Readymade-Sherwani/dp/B0CKJYQSWH/ref=sr_1_10?crid=2MUO2UMSXIFMK&dib=eyJ2IjoiMSJ9.ksbvYY6OWYTAOVjuLSPW4r1WU51ckpIYlmXImlOjIBOxwsTnLhcmy-04RyVSVhPEa094405fLriEVLs2K1FjgCSHLVktVuMG3Gn6p1R4a9l3wLTRP1eEoHVrIWD54ENXKc92WGRBLberwv-zb7cny21qrmcdUYmEeIVoc0YugHcu1LrNVOr5RGeFzuWpCu6elYVhg275ZI3T-w5aVwLBacx5wjz6xiE0q1wnyWkN49_klTKQ-Zz7dt9joCFvJ-3A2sGNQybvbKw5qEzS0VWjBszCywlMRySLEFtZC9azFes.6SHMXEtlyCtwjOLNGdLfq-qUvpptSmSdHd4BSwSXP38&dib_tag=se&keywords=traditional+cloth+for+men&qid=1713618179&s=apparel&sprefix=traditional+cloth+for+men%2Capparel%2C203&sr=1-10
,"Rameshwaram Fabrics Men's Indian Traditional Wedding Dress, Readymade Dhoti with Sherwani Style Kurta - Stole",Rameshwaram Fabrics Store,Pink/White,M,traditional,Men,Art Silk,https://m.media-amazon.com/images/I/71swhMfRFcL._SY879_.jpg,,"1,909",58%,https://www.amazon.in/Rameshwaram-Fabrics-Traditional-Readymade-Sherwani/dp/B0CKJYQSWH/ref=sr_1_10?crid=2MUO2UMSXIFMK&dib=eyJ2IjoiMSJ9.ksbvYY6OWYTAOVjuLSPW4r1WU51ckpIYlmXImlOjIBOxwsTnLhcmy-04RyVSVhPEa094405fLriEVLs2K1FjgCSHLVktVuMG3Gn6p1R4a9l3wLTRP1eEoHVrIWD54ENXKc92WGRBLberwv-zb7cny21qrmcdUYmEeIVoc0YugHcu1LrNVOr5RGeFzuWpCu6elYVhg275ZI3T-w5aVwLBacx5wjz6xiE0q1wnyWkN49_klTKQ-Zz7dt9joCFvJ-3A2sGNQybvbKw5qEzS0VWjBszCywlMRySLEFtZC9azFes.6SHMXEtlyCtwjOLNGdLfq-qUvpptSmSdHd4BSwSXP38&dib_tag=se&keywords=traditional+cloth+for+men&qid=1713618179&s=apparel&sprefix=traditional+cloth+for+men%2Capparel%2C203&sr=1-11
,"Rameshwaram Fabrics Men's Indian Traditional Wedding Dress, Readymade Dhoti with Sherwani Style Kurta - Stole",Rameshwaram Fabrics Store,Pink/White,L,traditional,Men,Art Silk,https://m.media-amazon.com/images/I/71swhMfRFcL._SY879_.jpg,,"1,909",58%,https://www.amazon.in/Rameshwaram-Fabrics-Traditional-Readymade-Sherwani/dp/B0CKJYQSWH/ref=sr_1_10?crid=2MUO2UMSXIFMK&dib=eyJ2IjoiMSJ9.ksbvYY6OWYTAOVjuLSPW4r1WU51ckpIYlmXImlOjIBOxwsTnLhcmy-04RyVSVhPEa094405fLriEVLs2K1FjgCSHLVktVuMG3Gn6p1R4a9l3wLTRP1eEoHVrIWD54ENXKc92WGRBLberwv-zb7cny21qrmcdUYmEeIVoc0YugHcu1LrNVOr5RGeFzuWpCu6elYVhg275ZI3T-w5aVwLBacx5wjz6xiE0q1wnyWkN49_klTKQ-Zz7dt9joCFvJ-3A2sGNQybvbKw5qEzS0VWjBszCywlMRySLEFtZC9azFes.6SHMXEtlyCtwjOLNGdLfq-qUvpptSmSdHd4BSwSXP38&dib_tag=se&keywords=traditional+cloth+for+men&qid=1713618179&s=apparel&sprefix=traditional+cloth+for+men%2Capparel%2C203&sr=1-12
,"Rameshwaram Fabrics Men's Indian Traditional Wedding Dress, Readymade Dhoti with Sherwani Style Kurta - Stole",Rameshwaram Fabrics Store,Pink/White,XL,traditional,Men,Art Silk,https://m.media-amazon.com/images/I/71swhMfRFcL._SY879_.jpg,,"1,909",58%,https://www.amazon.in/Rameshwaram-Fabrics-Traditional-Readymade-Sherwani/dp/B0CKJYQSWH/ref=sr_1_10?crid=2MUO2UMSXIFMK&dib=eyJ2IjoiMSJ9.ksbvYY6OWYTAOVjuLSPW4r1WU51ckpIYlmXImlOjIBOxwsTnLhcmy-04RyVSVhPEa094405fLriEVLs2K1FjgCSHLVktVuMG3Gn6p1R4a9l3wLTRP1eEoHVrIWD54ENXKc92WGRBLberwv-zb7cny21qrmcdUYmEeIVoc0YugHcu1LrNVOr5RGeFzuWpCu6elYVhg275ZI3T-w5aVwLBacx5wjz6xiE0q1wnyWkN49_klTKQ-Zz7dt9joCFvJ-3A2sGNQybvbKw5qEzS0VWjBszCywlMRySLEFtZC9azFes.6SHMXEtlyCtwjOLNGdLfq-qUvpptSmSdHd4BSwSXP38&dib_tag=se&keywords=traditional+cloth+for+men&qid=1713618179&s=apparel&sprefix=traditional+cloth+for+men%2Capparel%2C203&sr=1-13
,XEPON Mens Ethnic Wear SKY Traditional Indo Western Set,XEPON,Cyan,S,traditional,Men,Jacquard,https://m.media-amazon.com/images/I/71ofwB5x+RL._SY879_.jpg,,"1,996",50%,https://www.amazon.in/XEPON-Mens-SKY-Traditional-Indo/dp/B0CPYH99F5/ref=sr_1_15?crid=2MUO2UMSXIFMK&dib=eyJ2IjoiMSJ9.ksbvYY6OWYTAOVjuLSPW4r1WU51ckpIYlmXImlOjIBOxwsTnLhcmy-04RyVSVhPEa094405fLriEVLs2K1FjgCSHLVktVuMG3Gn6p1R4a9l3wLTRP1eEoHVrIWD54ENXKc92WGRBLberwv-zb7cny21qrmcdUYmEeIVoc0YugHcu1LrNVOr5RGeFzuWpCu6elYVhg275ZI3T-w5aVwLBacx5wjz6xiE0q1wnyWkN49_klTKQ-Zz7dt9joCFvJ-3A2sGNQybvbKw5qEzS0VWjBszCywlMRySLEFtZC9azFes.6SHMXEtlyCtwjOLNGdLfq-qUvpptSmSdHd4BSwSXP38&dib_tag=se&keywords=traditional+cloth+for+men&qid=1713618179&s=apparel&sprefix=traditional+cloth+for+men%2Capparel%2C203&sr=1-15
,XEPON Mens Ethnic Wear SKY Traditional Indo Western Set,XEPON,Cyan,M,traditional,Men,Jacquard,https://m.media-amazon.com/images/I/71ofwB5x+RL._SY879_.jpg,,"1,996",50%,https://www.amazon.in/XEPON-Mens-SKY-Traditional-Indo/dp/B0CPYH99F5/ref=sr_1_15?crid=2MUO2UMSXIFMK&dib=eyJ2IjoiMSJ9.ksbvYY6OWYTAOVjuLSPW4r1WU51ckpIYlmXImlOjIBOxwsTnLhcmy-04RyVSVhPEa094405fLriEVLs2K1FjgCSHLVktVuMG3Gn6p1R4a9l3wLTRP1eEoHVrIWD54ENXKc92WGRBLberwv-zb7cny21qrmcdUYmEeIVoc0YugHcu1LrNVOr5RGeFzuWpCu6elYVhg275ZI3T-w5aVwLBacx5wjz6xiE0q1wnyWkN49_klTKQ-Zz7dt9joCFvJ-3A2sGNQybvbKw5qEzS0VWjBszCywlMRySLEFtZC9azFes.6SHMXEtlyCtwjOLNGdLfq-qUvpptSmSdHd4BSwSXP38&dib_tag=se&keywords=traditional+cloth+for+men&qid=1713618179&s=apparel&sprefix=traditional+cloth+for+men%2Capparel%2C203&sr=1-16
,XEPON Mens Ethnic Wear SKY Traditional Indo Western Set,XEPON,Cyan,L,traditional,Men,Jacquard,https://m.media-amazon.com/images/I/71ofwB5x+RL._SY879_.jpg,,"1,996",50%,https://www.amazon.in/XEPON-Mens-SKY-Traditional-Indo/dp/B0CPYH99F5/ref=sr_1_15?crid=2MUO2UMSXIFMK&dib=eyJ2IjoiMSJ9.ksbvYY6OWYTAOVjuLSPW4r1WU51ckpIYlmXImlOjIBOxwsTnLhcmy-04RyVSVhPEa094405fLriEVLs2K1FjgCSHLVktVuMG3Gn6p1R4a9l3wLTRP1eEoHVrIWD54ENXKc92WGRBLberwv-zb7cny21qrmcdUYmEeIVoc0YugHcu1LrNVOr5RGeFzuWpCu6elYVhg275ZI3T-w5aVwLBacx5wjz6xiE0q1wnyWkN49_klTKQ-Zz7dt9joCFvJ-3A2sGNQybvbKw5qEzS0VWjBszCywlMRySLEFtZC9azFes.6SHMXEtlyCtwjOLNGdLfq-qUvpptSmSdHd4BSwSXP38&dib_tag=se&keywords=traditional+cloth+for+men&qid=1713618179&s=apparel&sprefix=traditional+cloth+for+men%2Capparel%2C203&sr=1-17
,XEPON Mens Ethnic Wear SKY Traditional Indo Western Set,XEPON,Cyan,XL,traditional,Men,Jacquard,https://m.media-amazon.com/images/I/71ofwB5x+RL._SY879_.jpg,,"1,996",50%,https://www.amazon.in/XEPON-Mens-SKY-Traditional-Indo/dp/B0CPYH99F5/ref=sr_1_15?crid=2MUO2UMSXIFMK&dib=eyJ2IjoiMSJ9.ksbvYY6OWYTAOVjuLSPW4r1WU51ckpIYlmXImlOjIBOxwsTnLhcmy-04RyVSVhPEa094405fLriEVLs2K1FjgCSHLVktVuMG3Gn6p1R4a9l3wLTRP1eEoHVrIWD54ENXKc92WGRBLberwv-zb7cny21qrmcdUYmEeIVoc0YugHcu1LrNVOr5RGeFzuWpCu6elYVhg275ZI3T-w5aVwLBacx5wjz6xiE0q1wnyWkN49_klTKQ-Zz7dt9joCFvJ-3A2sGNQybvbKw5qEzS0VWjBszCywlMRySLEFtZC9azFes.6SHMXEtlyCtwjOLNGdLfq-qUvpptSmSdHd4BSwSXP38&dib_tag=se&keywords=traditional+cloth+for+men&qid=1713618179&s=apparel&sprefix=traditional+cloth+for+men%2Capparel%2C203&sr=1-18